"BA Code","Timestamp (Hour Ending)","Demand (MWh)","Demand Forecast (MWh)","Net Generation (MWh)","Total Interchange (MWh)"
LDWP,"9/1/2019 12 a.m. PDT",3391,3075,2869,-521
LDWP,"9/1/2019 1 a.m. PDT",3133,2837,2663,-470
LDWP,"9/1/2019 2 a.m. PDT",2918,2758,2424,-494
LDWP,"9/1/2019 3 a.m. PDT",2766,2598,2236,-530
LDWP,"9/1/2019 4 a.m. PDT",2650,2475,2120,-529
LDWP,"9/1/2019 5 a.m. PDT",2583,2419,2061,-523
LDWP,"9/1/2019 6 a.m. PDT",2578,2421,2028,-551
LDWP,"9/1/2019 7 a.m. PDT",2550,2400,2019,-532
LDWP,"9/1/2019 8 a.m. PDT",2588,2452,2108,-480
LDWP,"9/1/2019 9 a.m. PDT",2997,2601,2523,-474
LDWP,"9/1/2019 10 a.m. PDT",3319,2828,2794,-525
LDWP,"9/1/2019 11 a.m. PDT",3620,3120,3035,-585
LDWP,"9/1/2019 12 p.m. PDT",3844,3458,3194,-650
LDWP,"9/1/2019 1 p.m. PDT",4070,3789,3500,-570
LDWP,"9/1/2019 2 p.m. PDT",4343,4078,4120,-223
LDWP,"9/1/2019 3 p.m. PDT",4605,4322,4428,-177
LDWP,"9/1/2019 4 p.m. PDT",4763,4508,4516,-247
LDWP,"9/1/2019 5 p.m. PDT",4792,4625,4713,-79
LDWP,"9/1/2019 6 p.m. PDT",4715,4585,4726,11
LDWP,"9/1/2019 7 p.m. PDT",4513,4431,4555,42
LDWP,"9/1/2019 8 p.m. PDT",4331,4245,4320,-11
LDWP,"9/1/2019 9 p.m. PDT",4204,4030,4274,70
LDWP,"9/1/2019 10 p.m. PDT",3965,3727,3980,16
LDWP,"9/1/2019 11 p.m. PDT",3666,3395,3181,-485
LDWP,"9/2/2019 12 a.m. PDT",3361,3084,2855,-507
LDWP,"9/2/2019 1 a.m. PDT",3103,2802,2626,-477
LDWP,"9/2/2019 2 a.m. PDT",2897,2715,2398,-500
LDWP,"9/2/2019 3 a.m. PDT",2755,2550,2315,-440
LDWP,"9/2/2019 4 a.m. PDT",2685,2428,2170,-515
LDWP,"9/2/2019 5 a.m. PDT",2656,2370,2157,-499
LDWP,"9/2/2019 6 a.m. PDT",2707,2372,2246,-461
LDWP,"9/2/2019 7 a.m. PDT",2760,2350,2282,-478
LDWP,"9/2/2019 8 a.m. PDT",2829,2404,2337,-492
LDWP,"9/2/2019 9 a.m. PDT",3074,2558,2491,-583
LDWP,"9/2/2019 10 a.m. PDT",3404,2792,2832,-572
LDWP,"9/2/2019 11 a.m. PDT",3791,3094,3060,-731
LDWP,"9/2/2019 12 p.m. PDT",4194,3444,3648,-546
LDWP,"9/2/2019 1 p.m. PDT",4572,3786,4141,-431
LDWP,"9/2/2019 2 p.m. PDT",4881,4084,4477,-404
LDWP,"9/2/2019 3 p.m. PDT",5130,4337,4730,-399
LDWP,"9/2/2019 4 p.m. PDT",5265,4529,5076,-189
LDWP,"9/2/2019 5 p.m. PDT",5288,4650,5129,-159
LDWP,"9/2/2019 6 p.m. PDT",5255,4608,5281,26
LDWP,"9/2/2019 7 p.m. PDT",5086,4450,4953,-133
LDWP,"9/2/2019 8 p.m. PDT",4891,4257,4838,-53
LDWP,"9/2/2019 9 p.m. PDT",4696,4034,4737,41
LDWP,"9/2/2019 10 p.m. PDT",4447,3722,4440,-7
LDWP,"9/2/2019 11 p.m. PDT",4041,3378,3599,-443
LDWP,"9/3/2019 12 a.m. PDT",3639,3057,3127,-512
LDWP,"9/3/2019 1 a.m. PDT",3347,2819,2766,-581
LDWP,"9/3/2019 2 a.m. PDT",3121,2733,2535,-586
LDWP,"9/3/2019 3 a.m. PDT",2987,2591,2407,-580
LDWP,"9/3/2019 4 a.m. PDT",2911,2500,2424,-487
LDWP,"9/3/2019 5 a.m. PDT",2938,2534,2432,-506
LDWP,"9/3/2019 6 a.m. PDT",3095,2669,2538,-556
LDWP,"9/3/2019 7 a.m. PDT",3345,2865,2662,-683
LDWP,"9/3/2019 8 a.m. PDT",3623,3083,2939,-685
LDWP,"9/3/2019 9 a.m. PDT",3999,3339,3459,-540
LDWP,"9/3/2019 10 a.m. PDT",4358,3597,3778,-580
LDWP,"9/3/2019 11 a.m. PDT",4733,3850,4297,-435
LDWP,"9/3/2019 12 p.m. PDT",5084,4113,4697,-387
LDWP,"9/3/2019 1 p.m. PDT",5338,4360,4938,-400
LDWP,"9/3/2019 2 p.m. PDT",5595,4591,5357,-238
LDWP,"9/3/2019 3 p.m. PDT",5849,4837,5639,-209
LDWP,"9/3/2019 4 p.m. PDT",5990,5075,5734,-256
LDWP,"9/3/2019 5 p.m. PDT",6002,5066,5796,-206
LDWP,"9/3/2019 6 p.m. PDT",5904,4967,5610,-294
LDWP,"9/3/2019 7 p.m. PDT",5529,4728,5451,-78
LDWP,"9/3/2019 8 p.m. PDT",5282,4504,5324,42
LDWP,"9/3/2019 9 p.m. PDT",5075,4291,5178,103
LDWP,"9/3/2019 10 p.m. PDT",4714,3974,4606,-108
LDWP,"9/3/2019 11 p.m. PDT",4181,3583,4005,-176
LDWP,"9/4/2019 12 a.m. PDT",3765,3190,3339,-426
LDWP,"9/4/2019 1 a.m. PDT",3423,2909,3003,-420
LDWP,"9/4/2019 2 a.m. PDT",3177,2845,2698,-479
LDWP,"9/4/2019 3 a.m. PDT",3006,2718,2462,-543
LDWP,"9/4/2019 4 a.m. PDT",2897,2600,2455,-442
LDWP,"9/4/2019 5 a.m. PDT",2876,2634,2475,-401
LDWP,"9/4/2019 6 a.m. PDT",3003,2800,2530,-474
LDWP,"9/4/2019 7 a.m. PDT",3271,3029,2619,-652
LDWP,"9/4/2019 8 a.m. PDT",3489,3254,2944,-544
LDWP,"9/4/2019 9 a.m. PDT",3840,3533,3065,-775
LDWP,"9/4/2019 10 a.m. PDT",4171,3826,3318,-854
LDWP,"9/4/2019 11 a.m. PDT",4554,4112,3739,-814
LDWP,"9/4/2019 12 p.m. PDT",4923,4413,4262,-661
LDWP,"9/4/2019 1 p.m. PDT",5330,4695,4648,-681
LDWP,"9/4/2019 2 p.m. PDT",5731,4961,5317,-414
LDWP,"9/4/2019 3 p.m. PDT",5989,5212,5658,-331
LDWP,"9/4/2019 4 p.m. PDT",6151,5400,5745,-407
LDWP,"9/4/2019 5 p.m. PDT",6212,5500,5646,-565
LDWP,"9/4/2019 6 p.m. PDT",6067,5405,5424,-643
LDWP,"9/4/2019 7 p.m. PDT",5633,5138,5120,-513
LDWP,"9/4/2019 8 p.m. PDT",5381,4913,5035,-346
LDWP,"9/4/2019 9 p.m. PDT",5205,4727,4784,-421
LDWP,"9/4/2019 10 p.m. PDT",4861,4367,4397,-464
LDWP,"9/4/2019 11 p.m. PDT",4369,3917,4158,-210
LDWP,"9/5/2019 12 a.m. PDT",3896,3497,3664,-232
LDWP,"9/5/2019 1 a.m. PDT",3528,3075,3150,-378
LDWP,"9/5/2019 2 a.m. PDT",3279,2986,2798,-481
LDWP,"9/5/2019 3 a.m. PDT",3079,2808,2651,-427
LDWP,"9/5/2019 4 a.m. PDT",2971,2650,2466,-505
LDWP,"9/5/2019 5 a.m. PDT",2973,2692,2511,-462
LDWP,"9/5/2019 6 a.m. PDT",3118,2788,2533,-585
LDWP,"9/5/2019 7 a.m. PDT",3386,2933,2738,-649
LDWP,"9/5/2019 8 a.m. PDT",3616,3195,3144,-471
LDWP,"9/5/2019 9 a.m. PDT",3903,3527,3362,-541
LDWP,"9/5/2019 10 a.m. PDT",4281,3855,3594,-687
LDWP,"9/5/2019 11 a.m. PDT",4652,4190,3925,-727
LDWP,"9/5/2019 12 p.m. PDT",5008,4509,4463,-546
LDWP,"9/5/2019 1 p.m. PDT",5343,4812,4885,-458
LDWP,"9/5/2019 2 p.m. PDT",5611,5117,5062,-549
LDWP,"9/5/2019 3 p.m. PDT",5782,5346,5227,-555
LDWP,"9/5/2019 4 p.m. PDT",5958,5456,5476,-481
LDWP,"9/5/2019 5 p.m. PDT",5951,5500,5360,-590
LDWP,"9/5/2019 6 p.m. PDT",5849,5411,5194,-655
LDWP,"9/5/2019 7 p.m. PDT",5531,5167,4993,-538
LDWP,"9/5/2019 8 p.m. PDT",5265,4910,4661,-604
LDWP,"9/5/2019 9 p.m. PDT",5076,4713,4613,-462
LDWP,"9/5/2019 10 p.m. PDT",4691,4428,4508,-184
LDWP,"9/5/2019 11 p.m. PDT",4186,4014,4017,-169
LDWP,"9/6/2019 12 a.m. PDT",3798,3594,3727,-70
LDWP,"9/6/2019 1 a.m. PDT",3414,2882,2965,-449
LDWP,"9/6/2019 2 a.m. PDT",3166,2804,2726,-440
LDWP,"9/6/2019 3 a.m. PDT",3001,2649,2507,-494
LDWP,"9/6/2019 4 a.m. PDT",2906,2500,2376,-530
LDWP,"9/6/2019 5 a.m. PDT",2891,2531,2365,-526
LDWP,"9/6/2019 6 a.m. PDT",3013,2654,2541,-473
LDWP,"9/6/2019 7 a.m. PDT",3281,2827,2680,-602
LDWP,"9/6/2019 8 a.m. PDT",3505,3049,2897,-608
LDWP,"9/6/2019 9 a.m. PDT",3850,3351,3205,-646
LDWP,"9/6/2019 10 a.m. PDT",4181,3687,3427,-754
LDWP,"9/6/2019 11 a.m. PDT",4508,4014,3659,-849
LDWP,"9/6/2019 12 p.m. PDT",4849,4346,3966,-883
LDWP,"9/6/2019 1 p.m. PDT",5136,4663,4154,-982
LDWP,"9/6/2019 2 p.m. PDT",5449,4943,4447,-1002
LDWP,"9/6/2019 3 p.m. PDT",5661,5183,4636,-1026
LDWP,"9/6/2019 4 p.m. PDT",5780,5425,4854,-926
LDWP,"9/6/2019 5 p.m. PDT",5811,5413,4821,-990
LDWP,"9/6/2019 6 p.m. PDT",5692,5272,4731,-961
LDWP,"9/6/2019 7 p.m. PDT",5348,4953,4493,-855
LDWP,"9/6/2019 8 p.m. PDT",5091,4687,4314,-777
LDWP,"9/6/2019 9 p.m. PDT",4879,4420,4244,-636
LDWP,"9/6/2019 10 p.m. PDT",4575,4012,4160,-415
LDWP,"9/6/2019 11 p.m. PDT",4088,3607,3935,-153
LDWP,"9/7/2019 12 a.m. PDT",3719,3260,3332,-387
LDWP,"9/7/2019 1 a.m. PDT",3386,2631,2918,-468
LDWP,"9/7/2019 2 a.m. PDT",3144,2552,2733,-411
LDWP,"9/7/2019 3 a.m. PDT",2967,2414,2545,-422
LDWP,"9/7/2019 4 a.m. PDT",2835,2300,2392,-444
LDWP,"9/7/2019 5 a.m. PDT",2771,2320,2284,-487
LDWP,"9/7/2019 6 a.m. PDT",2782,2380,2263,-519
LDWP,"9/7/2019 7 a.m. PDT",2847,2431,2199,-648
LDWP,"9/7/2019 8 a.m. PDT",2961,2532,2279,-682
LDWP,"9/7/2019 9 a.m. PDT",3267,2753,2600,-667
LDWP,"9/7/2019 10 a.m. PDT",3604,3025,2871,-733
LDWP,"9/7/2019 11 a.m. PDT",3932,3293,3149,-783
LDWP,"9/7/2019 12 p.m. PDT",4239,3572,3451,-788
LDWP,"9/7/2019 1 p.m. PDT",4574,3831,3827,-748
LDWP,"9/7/2019 2 p.m. PDT",4795,4046,4159,-636
LDWP,"9/7/2019 3 p.m. PDT",4958,4233,4331,-627
LDWP,"9/7/2019 4 p.m. PDT",5037,4388,4377,-659
LDWP,"9/7/2019 5 p.m. PDT",4991,4500,4323,-668
LDWP,"9/7/2019 6 p.m. PDT",4888,4402,4204,-683
LDWP,"9/7/2019 7 p.m. PDT",4676,4195,4075,-601
LDWP,"9/7/2019 8 p.m. PDT",4424,4029,3890,-535
LDWP,"9/7/2019 9 p.m. PDT",4186,3855,3780,-405
LDWP,"9/7/2019 10 p.m. PDT",3876,3608,3316,-560
LDWP,"9/7/2019 11 p.m. PDT",3510,3332,3018,-493
LDWP,"9/8/2019 12 a.m. PDT",3220,3051,2719,-501
LDWP,"9/8/2019 1 a.m. PDT",2982,2671,2504,-478
LDWP,"9/8/2019 2 a.m. PDT",2786,2601,2251,-534
LDWP,"9/8/2019 3 a.m. PDT",2650,2460,2210,-440
LDWP,"9/8/2019 4 a.m. PDT",2541,2349,2037,-504
LDWP,"9/8/2019 5 a.m. PDT",2477,2307,2049,-428
LDWP,"9/8/2019 6 a.m. PDT",2464,2300,2000,-463
LDWP,"9/8/2019 7 a.m. PDT",2455,2300,1954,-501
LDWP,"9/8/2019 8 a.m. PDT",2490,2355,1971,-519
LDWP,"9/8/2019 9 a.m. PDT",2815,2502,2308,-507
LDWP,"9/8/2019 10 a.m. PDT",3088,2701,2628,-460
LDWP,"9/8/2019 11 a.m. PDT",3275,2908,2780,-495
LDWP,"9/8/2019 12 p.m. PDT",3449,3112,2846,-603
LDWP,"9/8/2019 1 p.m. PDT",3524,3336,2850,-673
LDWP,"9/8/2019 2 p.m. PDT",3556,3559,2901,-654
LDWP,"9/8/2019 3 p.m. PDT",3712,3777,3106,-606
LDWP,"9/8/2019 4 p.m. PDT",3868,3970,3246,-622
LDWP,"9/8/2019 5 p.m. PDT",3936,4100,3243,-693
LDWP,"9/8/2019 6 p.m. PDT",3956,4096,3277,-679
LDWP,"9/8/2019 7 p.m. PDT",3896,4016,3245,-652
LDWP,"9/8/2019 8 p.m. PDT",3865,3909,3091,-774
LDWP,"9/8/2019 9 p.m. PDT",3764,3800,3083,-681
LDWP,"9/8/2019 10 p.m. PDT",3568,3567,2950,-618
LDWP,"9/8/2019 11 p.m. PDT",3238,3243,2740,-498
LDWP,"9/9/2019 12 a.m. PDT",2959,2928,2402,-557
LDWP,"9/9/2019 1 a.m. PDT",2735,2693,2252,-483
LDWP,"9/9/2019 2 a.m. PDT",2588,2620,2068,-520
LDWP,"9/9/2019 3 a.m. PDT",2499,2487,1957,-542
LDWP,"9/9/2019 4 a.m. PDT",2454,2400,1953,-500
LDWP,"9/9/2019 5 a.m. PDT",2492,2437,2028,-464
LDWP,"9/9/2019 6 a.m. PDT",2648,2586,2241,-407
LDWP,"9/9/2019 7 a.m. PDT",2927,2798,2450,-478
LDWP,"9/9/2019 8 a.m. PDT",3009,2990,2408,-600
LDWP,"9/9/2019 9 a.m. PDT",3271,3167,2552,-719
LDWP,"9/9/2019 10 a.m. PDT",3482,3373,2767,-715
LDWP,"9/9/2019 11 a.m. PDT",3637,3622,2953,-683
LDWP,"9/9/2019 12 p.m. PDT",3790,3867,3203,-588
LDWP,"9/9/2019 1 p.m. PDT",3944,4084,3334,-610
LDWP,"9/9/2019 2 p.m. PDT",4110,4290,3482,-628
LDWP,"9/9/2019 3 p.m. PDT",4246,4487,3704,-543
LDWP,"9/9/2019 4 p.m. PDT",4394,4700,3791,-604
LDWP,"9/9/2019 5 p.m. PDT",4488,4693,3828,-661
LDWP,"9/9/2019 6 p.m. PDT",4452,4615,3930,-523
LDWP,"9/9/2019 7 p.m. PDT",4235,4420,3709,-526
LDWP,"9/9/2019 8 p.m. PDT",4164,4233,3598,-566
LDWP,"9/9/2019 9 p.m. PDT",3972,4054,3532,-440
LDWP,"9/9/2019 10 p.m. PDT",3712,3763,3257,-454
LDWP,"9/9/2019 11 p.m. PDT",3367,3386,2850,-517
LDWP,"9/10/2019 12 a.m. PDT",3060,3024,2571,-490
LDWP,"9/10/2019 1 a.m. PDT",2813,2556,2363,-450
LDWP,"9/10/2019 2 a.m. PDT",2663,2489,2163,-500
LDWP,"9/10/2019 3 a.m. PDT",2561,2355,2066,-495
LDWP,"9/10/2019 4 a.m. PDT",2509,2250,1999,-510
LDWP,"9/10/2019 5 a.m. PDT",2538,2275,2022,-515
LDWP,"9/10/2019 6 a.m. PDT",2692,2383,2256,-436
LDWP,"9/10/2019 7 a.m. PDT",2971,2549,2421,-549
LDWP,"9/10/2019 8 a.m. PDT",3136,2731,2508,-628
LDWP,"9/10/2019 9 a.m. PDT",3336,2926,2667,-668
LDWP,"9/10/2019 10 a.m. PDT",3694,3105,2995,-699
LDWP,"9/10/2019 11 a.m. PDT",3783,3290,3072,-712
LDWP,"9/10/2019 12 p.m. PDT",3885,3474,3111,-773
LDWP,"9/10/2019 1 p.m. PDT",3967,3639,3183,-784
LDWP,"9/10/2019 2 p.m. PDT",4015,3843,3278,-737
LDWP,"9/10/2019 3 p.m. PDT",3941,4017,3185,-757
LDWP,"9/10/2019 4 p.m. PDT",4005,4156,3154,-851
LDWP,"9/10/2019 5 p.m. PDT",3988,4300,3290,-698
LDWP,"9/10/2019 6 p.m. PDT",3872,4296,3297,-575
LDWP,"9/10/2019 7 p.m. PDT",3761,4215,3212,-548
LDWP,"9/10/2019 8 p.m. PDT",3806,4031,3382,-425
LDWP,"9/10/2019 9 p.m. PDT",3735,3822,3214,-521
LDWP,"9/10/2019 10 p.m. PDT",3523,3613,2915,-608
LDWP,"9/10/2019 11 p.m. PDT",3218,3338,2653,-564
LDWP,"9/11/2019 12 a.m. PDT",2955,3006,2510,-445
LDWP,"9/11/2019 1 a.m. PDT",2746,2455,2268,-478
LDWP,"9/11/2019 2 a.m. PDT",2600,2389,2071,-529
LDWP,"9/11/2019 3 a.m. PDT",2490,2288,1942,-548
LDWP,"9/11/2019 4 a.m. PDT",2432,2225,1957,-475
LDWP,"9/11/2019 5 a.m. PDT",2447,2259,1889,-558
LDWP,"9/11/2019 6 a.m. PDT",2595,2442,2114,-481
LDWP,"9/11/2019 7 a.m. PDT",2873,2698,2169,-705
LDWP,"9/11/2019 8 a.m. PDT",3000,2877,2320,-681
LDWP,"9/11/2019 9 a.m. PDT",3190,3013,2446,-743
LDWP,"9/11/2019 10 a.m. PDT",3356,3177,2697,-659
LDWP,"9/11/2019 11 a.m. PDT",3490,3362,2791,-699
LDWP,"9/11/2019 12 p.m. PDT",3608,3520,2928,-680
LDWP,"9/11/2019 1 p.m. PDT",3735,3678,3144,-591
LDWP,"9/11/2019 2 p.m. PDT",3899,3881,3246,-652
LDWP,"9/11/2019 3 p.m. PDT",4067,4067,3435,-633
LDWP,"9/11/2019 4 p.m. PDT",4225,4249,3482,-743
LDWP,"9/11/2019 5 p.m. PDT",4302,4250,3693,-608
LDWP,"9/11/2019 6 p.m. PDT",4323,4165,3973,-350
LDWP,"9/11/2019 7 p.m. PDT",4147,3997,3759,-388
LDWP,"9/11/2019 8 p.m. PDT",4085,3881,3613,-472
LDWP,"9/11/2019 9 p.m. PDT",3949,3750,3453,-496
LDWP,"9/11/2019 10 p.m. PDT",3697,3454,3176,-521
LDWP,"9/11/2019 11 p.m. PDT",3339,3069,3014,-325
LDWP,"9/12/2019 12 a.m. PDT",3030,2733,2617,-412
LDWP,"9/12/2019 1 a.m. PDT",2792,2733,2206,-585
LDWP,"9/12/2019 2 a.m. PDT",2631,2680,1975,-656
LDWP,"9/12/2019 3 a.m. PDT",2515,2574,1864,-651
LDWP,"9/12/2019 4 a.m. PDT",2458,2475,1863,-595
LDWP,"9/12/2019 5 a.m. PDT",2469,2504,1869,-600
LDWP,"9/12/2019 6 a.m. PDT",2595,2642,1913,-683
LDWP,"9/12/2019 7 a.m. PDT",2830,2833,2192,-638
LDWP,"9/12/2019 8 a.m. PDT",3050,3022,2406,-645
LDWP,"9/12/2019 9 a.m. PDT",3486,3256,2745,-741
LDWP,"9/12/2019 10 a.m. PDT",3720,3500,2980,-739
LDWP,"9/12/2019 11 a.m. PDT",3949,3739,3113,-836
LDWP,"9/12/2019 12 p.m. PDT",3939,3991,3229,-710
LDWP,"9/12/2019 1 p.m. PDT",4159,4227,3590,-569
LDWP,"9/12/2019 2 p.m. PDT",4448,4449,3908,-539
LDWP,"9/12/2019 3 p.m. PDT",4717,4659,4088,-629
LDWP,"9/12/2019 4 p.m. PDT",4931,4817,4289,-642
LDWP,"9/12/2019 5 p.m. PDT",5069,4900,4275,-794
LDWP,"9/12/2019 6 p.m. PDT",5106,4821,4476,-629
LDWP,"9/12/2019 7 p.m. PDT",4829,4597,4233,-596
LDWP,"9/12/2019 8 p.m. PDT",4653,4410,3964,-689
LDWP,"9/12/2019 9 p.m. PDT",4462,4254,3801,-661
LDWP,"9/12/2019 10 p.m. PDT",4100,3953,3414,-686
LDWP,"9/12/2019 11 p.m. PDT",3665,3577,3046,-619
LDWP,"9/13/2019 12 a.m. PDT",3309,3225,2685,-624
LDWP,"9/13/2019 1 a.m. PDT",3030,2760,2445,-585
LDWP,"9/13/2019 2 a.m. PDT",2816,2684,2262,-553
LDWP,"9/13/2019 3 a.m. PDT",2686,2531,2145,-541
LDWP,"9/13/2019 4 a.m. PDT",2589,2400,2077,-512
LDWP,"9/13/2019 5 a.m. PDT",2590,2431,2078,-512
LDWP,"9/13/2019 6 a.m. PDT",2727,2579,2188,-539
LDWP,"9/13/2019 7 a.m. PDT",2963,2806,2333,-631
LDWP,"9/13/2019 8 a.m. PDT",3130,3049,2428,-702
LDWP,"9/13/2019 9 a.m. PDT",3399,3340,2664,-734
LDWP,"9/13/2019 10 a.m. PDT",3700,3646,2966,-733
LDWP,"9/13/2019 11 a.m. PDT",4005,3950,3235,-770
LDWP,"9/13/2019 12 p.m. PDT",4338,4273,3580,-758
LDWP,"9/13/2019 1 p.m. PDT",4717,4588,3993,-725
LDWP,"9/13/2019 2 p.m. PDT",5070,4853,4265,-805
LDWP,"9/13/2019 3 p.m. PDT",5383,5044,4565,-818
LDWP,"9/13/2019 4 p.m. PDT",5630,5200,4772,-858
LDWP,"9/13/2019 5 p.m. PDT",5724,5199,4749,-976
LDWP,"9/13/2019 6 p.m. PDT",5628,5155,4445,-1182
LDWP,"9/13/2019 7 p.m. PDT",5257,4992,4261,-996
LDWP,"9/13/2019 8 p.m. PDT",5029,4719,4182,-847
LDWP,"9/13/2019 9 p.m. PDT",4776,4486,3937,-839
LDWP,"9/13/2019 10 p.m. PDT",4437,4262,3564,-873
LDWP,"9/13/2019 11 p.m. PDT",3980,3903,3300,-680
LDWP,"9/14/2019 12 a.m. PDT",3601,3508,3081,-520
LDWP,"9/14/2019 1 a.m. PDT",3263,2870,2821,-442
LDWP,"9/14/2019 2 a.m. PDT",3022,2772,2526,-496
LDWP,"9/14/2019 3 a.m. PDT",2841,2591,2427,-414
LDWP,"9/14/2019 4 a.m. PDT",2724,2460,2183,-541
LDWP,"9/14/2019 5 a.m. PDT",2659,2400,2161,-498
LDWP,"9/14/2019 6 a.m. PDT",2665,2445,2065,-600
LDWP,"9/14/2019 7 a.m. PDT",2705,2498,2014,-691
LDWP,"9/14/2019 8 a.m. PDT",2795,2636,2074,-721
LDWP,"9/14/2019 9 a.m. PDT",3062,2940,2443,-620
LDWP,"9/14/2019 10 a.m. PDT",3376,3277,2686,-690
LDWP,"9/14/2019 11 a.m. PDT",3694,3592,2847,-847
LDWP,"9/14/2019 12 p.m. PDT",4069,3900,3172,-897
LDWP,"9/14/2019 1 p.m. PDT",4507,4205,3644,-863
LDWP,"9/14/2019 2 p.m. PDT",4878,4446,4055,-823
LDWP,"9/14/2019 3 p.m. PDT",5207,4700,4381,-826
LDWP,"9/14/2019 4 p.m. PDT",5420,4689,4544,-876
LDWP,"9/14/2019 5 p.m. PDT",5480,4653,4525,-956
LDWP,"9/14/2019 6 p.m. PDT",5448,4604,4561,-886
LDWP,"9/14/2019 7 p.m. PDT",5201,4498,4562,-639
LDWP,"9/14/2019 8 p.m. PDT",4982,4260,4318,-663
LDWP,"9/14/2019 9 p.m. PDT",4684,4022,4060,-624
LDWP,"9/14/2019 10 p.m. PDT",4355,3790,3542,-813
LDWP,"9/14/2019 11 p.m. PDT",3971,3450,3240,-731
LDWP,"9/15/2019 12 a.m. PDT",3637,3110,3088,-549
LDWP,"9/15/2019 1 a.m. PDT",3319,2627,2899,-420
LDWP,"9/15/2019 2 a.m. PDT",3082,2570,2612,-470
LDWP,"9/15/2019 3 a.m. PDT",2896,2455,2385,-510
LDWP,"9/15/2019 4 a.m. PDT",2763,2353,2211,-552
LDWP,"9/15/2019 5 a.m. PDT",2675,2306,2118,-558
LDWP,"9/15/2019 6 a.m. PDT",2647,2317,2120,-527
LDWP,"9/15/2019 7 a.m. PDT",2629,2275,2140,-489
LDWP,"9/15/2019 8 a.m. PDT",2648,2349,2241,-407
LDWP,"9/15/2019 9 a.m. PDT",3007,2518,2509,-498
LDWP,"9/15/2019 10 a.m. PDT",3236,2720,2592,-644
LDWP,"9/15/2019 11 a.m. PDT",3428,2919,2709,-718
LDWP,"9/15/2019 12 p.m. PDT",3662,3128,3053,-610
LDWP,"9/15/2019 1 p.m. PDT",3724,3375,3344,-380
LDWP,"9/15/2019 2 p.m. PDT",4001,3617,3665,-337
LDWP,"9/15/2019 3 p.m. PDT",4187,3849,3670,-517
LDWP,"9/15/2019 4 p.m. PDT",4292,4033,3621,-671
LDWP,"9/15/2019 5 p.m. PDT",4321,4175,3811,-511
LDWP,"9/15/2019 6 p.m. PDT",4376,4174,4128,-248
LDWP,"9/15/2019 7 p.m. PDT",4231,4153,3889,-342
LDWP,"9/15/2019 8 p.m. PDT",4196,4072,3850,-345
LDWP,"9/15/2019 9 p.m. PDT",4022,3990,3767,-255
LDWP,"9/15/2019 10 p.m. PDT",3759,3852,3447,-311
LDWP,"9/15/2019 11 p.m. PDT",3446,3559,2923,-523
LDWP,"9/16/2019 12 a.m. PDT",3145,3206,2643,-502
LDWP,"9/16/2019 1 a.m. PDT",2912,2472,2543,-369
LDWP,"9/16/2019 2 a.m. PDT",2743,2413,2283,-460
LDWP,"9/16/2019 3 a.m. PDT",2643,2315,2145,-498
LDWP,"9/16/2019 4 a.m. PDT",2596,2275,2116,-480
LDWP,"9/16/2019 5 a.m. PDT",2634,2328,2148,-486
LDWP,"9/16/2019 6 a.m. PDT",2822,2522,2216,-606
LDWP,"9/16/2019 7 a.m. PDT",3089,2753,2226,-863
LDWP,"9/16/2019 8 a.m. PDT",3257,2922,2536,-721
LDWP,"9/16/2019 9 a.m. PDT",3454,3107,2811,-643
LDWP,"9/16/2019 10 a.m. PDT",3630,3305,2977,-653
LDWP,"9/16/2019 11 a.m. PDT",3797,3463,3081,-717
LDWP,"9/16/2019 12 p.m. PDT",3958,3600,3094,-864
LDWP,"9/16/2019 1 p.m. PDT",4132,3749,3281,-851
LDWP,"9/16/2019 2 p.m. PDT",4326,3918,3611,-715
LDWP,"9/16/2019 3 p.m. PDT",4530,4074,3754,-777
LDWP,"9/16/2019 4 p.m. PDT",4654,4213,3925,-729
LDWP,"9/16/2019 5 p.m. PDT",4703,4300,3909,-794
LDWP,"9/16/2019 6 p.m. PDT",4522,4290,3902,-621
LDWP,"9/16/2019 7 p.m. PDT",4310,4201,3755,-555
LDWP,"9/16/2019 8 p.m. PDT",4218,4049,3724,-495
LDWP,"9/16/2019 9 p.m. PDT",4014,3928,3457,-556
LDWP,"9/16/2019 10 p.m. PDT",3749,3755,3144,-605
LDWP,"9/16/2019 11 p.m. PDT",3419,3483,2896,-523
LDWP,"9/17/2019 12 a.m. PDT",3116,3153,2672,-444
LDWP,"9/17/2019 1 a.m. PDT",2888,2575,2465,-423
LDWP,"9/17/2019 2 a.m. PDT",2715,2534,2307,-408
LDWP,"9/17/2019 3 a.m. PDT",2620,2452,2332,-288
LDWP,"9/17/2019 4 a.m. PDT",2559,2400,2125,-433
LDWP,"9/17/2019 5 a.m. PDT",2573,2428,2184,-389
LDWP,"9/17/2019 6 a.m. PDT",2703,2532,2182,-521
LDWP,"9/17/2019 7 a.m. PDT",2946,2673,2216,-730
LDWP,"9/17/2019 8 a.m. PDT",3097,2811,2394,-704
LDWP,"9/17/2019 9 a.m. PDT",3421,2981,2673,-748
LDWP,"9/17/2019 10 a.m. PDT",3732,3151,2933,-799
LDWP,"9/17/2019 11 a.m. PDT",3910,3310,3097,-814
LDWP,"9/17/2019 12 p.m. PDT",4005,3462,3155,-851
LDWP,"9/17/2019 1 p.m. PDT",3950,3624,3188,-762
LDWP,"9/17/2019 2 p.m. PDT",4140,3823,3346,-794
LDWP,"9/17/2019 3 p.m. PDT",4344,4002,3520,-824
LDWP,"9/17/2019 4 p.m. PDT",4488,4138,3666,-822
LDWP,"9/17/2019 5 p.m. PDT",4525,4275,3769,-756
LDWP,"9/17/2019 6 p.m. PDT",4438,4273,3655,-783
LDWP,"9/17/2019 7 p.m. PDT",4222,4216,3644,-578
LDWP,"9/17/2019 8 p.m. PDT",4156,4067,3585,-571
LDWP,"9/17/2019 9 p.m. PDT",3973,3942,3335,-638
LDWP,"9/17/2019 10 p.m. PDT",3697,3796,2968,-729
LDWP,"9/17/2019 11 p.m. PDT",3382,3528,2823,-559
LDWP,"9/18/2019 12 a.m. PDT",3089,3235,2619,-470
LDWP,"9/18/2019 1 a.m. PDT",2846,2570,2296,-549
LDWP,"9/18/2019 2 a.m. PDT",2666,2521,2114,-551
LDWP,"9/18/2019 3 a.m. PDT",2551,2421,2036,-515
LDWP,"9/18/2019 4 a.m. PDT",2488,2350,2020,-468
LDWP,"9/18/2019 5 a.m. PDT",2500,2399,2054,-446
LDWP,"9/18/2019 6 a.m. PDT",2653,2569,2168,-485
LDWP,"9/18/2019 7 a.m. PDT",2930,2775,2343,-587
LDWP,"9/18/2019 8 a.m. PDT",3078,2953,2609,-470
LDWP,"9/18/2019 9 a.m. PDT",3500,3112,2923,-577
LDWP,"9/18/2019 10 a.m. PDT",3706,3250,3217,-490
LDWP,"9/18/2019 11 a.m. PDT",3885,3372,3407,-477
LDWP,"9/18/2019 12 p.m. PDT",4033,3477,3471,-562
LDWP,"9/18/2019 1 p.m. PDT",4166,3595,3477,-690
LDWP,"9/18/2019 2 p.m. PDT",4112,3747,3539,-574
LDWP,"9/18/2019 3 p.m. PDT",4253,3918,3731,-522
LDWP,"9/18/2019 4 p.m. PDT",4373,4037,3844,-529
LDWP,"9/18/2019 5 p.m. PDT",4408,4150,3859,-549
LDWP,"9/18/2019 6 p.m. PDT",4315,4150,3692,-623
LDWP,"9/18/2019 7 p.m. PDT",4141,4096,3633,-508
LDWP,"9/18/2019 8 p.m. PDT",4096,3975,3600,-497
LDWP,"9/18/2019 9 p.m. PDT",3940,3886,3461,-479
LDWP,"9/18/2019 10 p.m. PDT",3661,3769,3248,-414
LDWP,"9/18/2019 11 p.m. PDT",3357,3507,2852,-505
LDWP,"9/19/2019 12 a.m. PDT",3054,3181,2548,-507
LDWP,"9/19/2019 1 a.m. PDT",2815,2320,2301,-514
LDWP,"9/19/2019 2 a.m. PDT",2657,2271,2137,-520
LDWP,"9/19/2019 3 a.m. PDT",2560,2171,2076,-484
LDWP,"9/19/2019 4 a.m. PDT",2504,2100,1900,-604
LDWP,"9/19/2019 5 a.m. PDT",2539,2149,2002,-537
LDWP,"9/19/2019 6 a.m. PDT",2713,2319,2174,-539
LDWP,"9/19/2019 7 a.m. PDT",3030,2525,2554,-476
LDWP,"9/19/2019 8 a.m. PDT",3137,2703,2738,-398
LDWP,"9/19/2019 9 a.m. PDT",3332,2862,3049,-283
LDWP,"9/19/2019 10 a.m. PDT",3712,3000,3344,-368
LDWP,"9/19/2019 11 a.m. PDT",3824,3122,3467,-357
LDWP,"9/19/2019 12 p.m. PDT",3950,3227,3475,-475
LDWP,"9/19/2019 1 p.m. PDT",4036,3345,3492,-544
LDWP,"9/19/2019 2 p.m. PDT",4080,3497,3539,-541
LDWP,"9/19/2019 3 p.m. PDT",4044,3668,3568,-476
LDWP,"9/19/2019 4 p.m. PDT",4137,3787,3710,-427
LDWP,"9/19/2019 5 p.m. PDT",4043,3900,3547,-495
LDWP,"9/19/2019 6 p.m. PDT",3750,3889,3045,-705
LDWP,"9/19/2019 7 p.m. PDT",3091,3834,2533,-558
LDWP,"9/19/2019 8 p.m. PDT",2952,3723,2562,-390
LDWP,"9/19/2019 9 p.m. PDT",3077,3635,2610,-466
LDWP,"9/19/2019 10 p.m. PDT",3229,3515,2456,-773
LDWP,"9/19/2019 11 p.m. PDT",2957,3251,2285,-672
LDWP,"9/20/2019 12 a.m. PDT",2692,2931,2072,-621
LDWP,"9/20/2019 1 a.m. PDT",2597,2654,2028,-569
LDWP,"9/20/2019 2 a.m. PDT",2587,2583,2018,-569
LDWP,"9/20/2019 3 a.m. PDT",2486,2465,1938,-549
LDWP,"9/20/2019 4 a.m. PDT",2432,2375,1853,-579
LDWP,"9/20/2019 5 a.m. PDT",2441,2392,1912,-529
LDWP,"9/20/2019 6 a.m. PDT",2583,2483,2035,-548
LDWP,"9/20/2019 7 a.m. PDT",2878,2692,2110,-768
LDWP,"9/20/2019 8 a.m. PDT",3016,2882,2301,-715
LDWP,"9/20/2019 9 a.m. PDT",3409,3021,2584,-825
LDWP,"9/20/2019 10 a.m. PDT",3555,3179,2766,-788
LDWP,"9/20/2019 11 a.m. PDT",3665,3319,2863,-802
LDWP,"9/20/2019 12 p.m. PDT",3778,3446,2926,-852
LDWP,"9/20/2019 1 p.m. PDT",3874,3570,3006,-868
LDWP,"9/20/2019 2 p.m. PDT",3858,3715,2991,-867
LDWP,"9/20/2019 3 p.m. PDT",3927,3883,3051,-877
LDWP,"9/20/2019 4 p.m. PDT",4051,4015,3156,-895
LDWP,"9/20/2019 5 p.m. PDT",4119,4100,3114,-1005
LDWP,"9/20/2019 6 p.m. PDT",4093,4099,3230,-863
LDWP,"9/20/2019 7 p.m. PDT",3963,4014,3370,-593
LDWP,"9/20/2019 8 p.m. PDT",3928,3869,3354,-574
LDWP,"9/20/2019 9 p.m. PDT",3783,3766,3045,-738
LDWP,"9/20/2019 10 p.m. PDT",3585,3634,2743,-843
LDWP,"9/20/2019 11 p.m. PDT",3259,3439,2671,-588
LDWP,"9/21/2019 12 a.m. PDT",3026,3200,2466,-560
LDWP,"9/21/2019 1 a.m. PDT",2814,2749,2297,-517
LDWP,"9/21/2019 2 a.m. PDT",2651,2666,2160,-491
LDWP,"9/21/2019 3 a.m. PDT",2545,2512,1954,-591
LDWP,"9/21/2019 4 a.m. PDT",2459,2401,1903,-556
LDWP,"9/21/2019 5 a.m. PDT",2427,2350,1909,-518
LDWP,"9/21/2019 6 a.m. PDT",2459,2388,1977,-481
LDWP,"9/21/2019 7 a.m. PDT",2523,2433,1817,-706
LDWP,"9/21/2019 8 a.m. PDT",2571,2550,1828,-743
LDWP,"9/21/2019 9 a.m. PDT",2763,2808,2014,-749
LDWP,"9/21/2019 10 a.m. PDT",2941,3094,2171,-770
LDWP,"9/21/2019 11 a.m. PDT",3100,3361,2329,-771
LDWP,"9/21/2019 12 p.m. PDT",3257,3622,2406,-851
LDWP,"9/21/2019 1 p.m. PDT",3453,3880,2525,-928
LDWP,"9/21/2019 2 p.m. PDT",3669,4084,2710,-960
LDWP,"9/21/2019 3 p.m. PDT",3908,4300,2951,-957
LDWP,"9/21/2019 4 p.m. PDT",4101,4295,3188,-913
LDWP,"9/21/2019 5 p.m. PDT",4177,4268,3302,-875
LDWP,"9/21/2019 6 p.m. PDT",4184,4227,3355,-829
LDWP,"9/21/2019 7 p.m. PDT",4092,4126,3387,-705
LDWP,"9/21/2019 8 p.m. PDT",4026,3915,3367,-659
LDWP,"9/21/2019 9 p.m. PDT",3867,3714,3302,-565
LDWP,"9/21/2019 10 p.m. PDT",3661,3525,3041,-621
LDWP,"9/21/2019 11 p.m. PDT",3348,3246,2846,-502
LDWP,"9/22/2019 12 a.m. PDT",3103,2957,2601,-502
LDWP,"9/22/2019 1 a.m. PDT",2895,2720,2382,-513
LDWP,"9/22/2019 2 a.m. PDT",2730,2648,2186,-544
LDWP,"9/22/2019 3 a.m. PDT",2593,2502,2068,-525
LDWP,"9/22/2019 4 a.m. PDT",2491,2386,2017,-474
LDWP,"9/22/2019 5 a.m. PDT",2433,2328,2014,-419
LDWP,"9/22/2019 6 a.m. PDT",2425,2317,2005,-420
LDWP,"9/22/2019 7 a.m. PDT",2435,2300,1817,-618
LDWP,"9/22/2019 8 a.m. PDT",2485,2384,1850,-634
LDWP,"9/22/2019 9 a.m. PDT",2841,2569,2086,-755
LDWP,"9/22/2019 10 a.m. PDT",2999,2804,2347,-651
LDWP,"9/22/2019 11 a.m. PDT",3144,3076,2523,-621
LDWP,"9/22/2019 12 p.m. PDT",3155,3363,2470,-685
LDWP,"9/22/2019 1 p.m. PDT",3433,3651,2577,-856
LDWP,"9/22/2019 2 p.m. PDT",3657,3911,2805,-851
LDWP,"9/22/2019 3 p.m. PDT",3897,4115,3048,-849
LDWP,"9/22/2019 4 p.m. PDT",4168,4256,3508,-660
LDWP,"9/22/2019 5 p.m. PDT",4367,4350,3545,-822
LDWP,"9/22/2019 6 p.m. PDT",4462,4344,4049,-412
LDWP,"9/22/2019 7 p.m. PDT",4348,4318,3918,-430
LDWP,"9/22/2019 8 p.m. PDT",4310,4218,4103,-207
LDWP,"9/22/2019 9 p.m. PDT",4128,4095,3883,-245
LDWP,"9/22/2019 10 p.m. PDT",3862,3940,3443,-420
LDWP,"9/22/2019 11 p.m. PDT",3498,3663,2946,-553
LDWP,"9/23/2019 12 a.m. PDT",3175,3338,2687,-488
LDWP,"9/23/2019 1 a.m. PDT",2934,2509,2557,-378
LDWP,"9/23/2019 2 a.m. PDT",2735,2449,2306,-429
LDWP,"9/23/2019 3 a.m. PDT",2626,2352,2135,-490
LDWP,"9/23/2019 4 a.m. PDT",2567,2300,2093,-474
LDWP,"9/23/2019 5 a.m. PDT",2598,2333,2042,-555
LDWP,"9/23/2019 6 a.m. PDT",2742,2478,2142,-601
LDWP,"9/23/2019 7 a.m. PDT",3048,2663,2175,-874
LDWP,"9/23/2019 8 a.m. PDT",3168,2820,2367,-801
LDWP,"9/23/2019 9 a.m. PDT",3352,3005,2514,-838
LDWP,"9/23/2019 10 a.m. PDT",3527,3190,2703,-824
LDWP,"9/23/2019 11 a.m. PDT",3699,3354,2923,-776
LDWP,"9/23/2019 12 p.m. PDT",3889,3490,3099,-790
LDWP,"9/23/2019 1 p.m. PDT",4057,3629,3442,-615
LDWP,"9/23/2019 2 p.m. PDT",4243,3804,3480,-763
LDWP,"9/23/2019 3 p.m. PDT",4412,3972,3648,-763
LDWP,"9/23/2019 4 p.m. PDT",4496,4100,3752,-744
LDWP,"9/23/2019 5 p.m. PDT",4576,4093,3581,-994
LDWP,"9/23/2019 6 p.m. PDT",4455,4085,3604,-851
LDWP,"9/23/2019 7 p.m. PDT",4272,3996,3452,-819
LDWP,"9/23/2019 8 p.m. PDT",4199,3854,3363,-836
LDWP,"9/23/2019 9 p.m. PDT",4008,3747,3098,-909
LDWP,"9/23/2019 10 p.m. PDT",3778,3583,2902,-876
LDWP,"9/23/2019 11 p.m. PDT",3443,3319,2780,-663
LDWP,"9/24/2019 12 a.m. PDT",3118,3024,2579,-539
LDWP,"9/24/2019 1 a.m. PDT",2896,2886,2153,-742
LDWP,"9/24/2019 2 a.m. PDT",2731,2818,1974,-757
LDWP,"9/24/2019 3 a.m. PDT",2621,2681,1841,-780
LDWP,"9/24/2019 4 a.m. PDT",2554,2550,1683,-871
LDWP,"9/24/2019 5 a.m. PDT",2570,2577,1727,-843
LDWP,"9/24/2019 6 a.m. PDT",2718,2686,1863,-855
LDWP,"9/24/2019 7 a.m. PDT",2978,2838,2073,-904
LDWP,"9/24/2019 8 a.m. PDT",3069,3033,2337,-732
LDWP,"9/24/2019 9 a.m. PDT",3253,3299,2511,-741
LDWP,"9/24/2019 10 a.m. PDT",3482,3595,2703,-780
LDWP,"9/24/2019 11 a.m. PDT",3875,3883,3044,-831
LDWP,"9/24/2019 12 p.m. PDT",4192,4175,3251,-941
LDWP,"9/24/2019 1 p.m. PDT",4255,4454,3317,-938
LDWP,"9/24/2019 2 p.m. PDT",4435,4701,3536,-899
LDWP,"9/24/2019 3 p.m. PDT",4674,4912,3730,-944
LDWP,"9/24/2019 4 p.m. PDT",4865,5125,4108,-757
LDWP,"9/24/2019 5 p.m. PDT",4998,5113,4316,-681
LDWP,"9/24/2019 6 p.m. PDT",4990,5096,4061,-929
LDWP,"9/24/2019 7 p.m. PDT",4748,4981,3822,-927
LDWP,"9/24/2019 8 p.m. PDT",4579,4701,3536,-1043
LDWP,"9/24/2019 9 p.m. PDT",4421,4470,3353,-1068
LDWP,"9/24/2019 10 p.m. PDT",4093,4228,3265,-828
LDWP,"9/24/2019 11 p.m. PDT",3696,3866,3027,-668
LDWP,"9/25/2019 12 a.m. PDT",3352,3516,2638,-714
LDWP,"9/25/2019 1 a.m. PDT",3034,2724,2241,-793
LDWP,"9/25/2019 2 a.m. PDT",2822,2651,2065,-757
LDWP,"9/25/2019 3 a.m. PDT",2681,2505,1938,-743
LDWP,"9/25/2019 4 a.m. PDT",2604,2400,1825,-780
LDWP,"9/25/2019 5 a.m. PDT",2613,2428,1835,-778
LDWP,"9/25/2019 6 a.m. PDT",2749,2557,2037,-713
LDWP,"9/25/2019 7 a.m. PDT",3091,2744,2414,-677
LDWP,"9/25/2019 8 a.m. PDT",3238,2929,2595,-644
LDWP,"9/25/2019 9 a.m. PDT",3395,3136,2728,-667
LDWP,"9/25/2019 10 a.m. PDT",3618,3358,2852,-766
LDWP,"9/25/2019 11 a.m. PDT",3834,3585,3031,-803
LDWP,"9/25/2019 12 p.m. PDT",4066,3801,3255,-811
LDWP,"9/25/2019 1 p.m. PDT",4301,4011,3481,-820
LDWP,"9/25/2019 2 p.m. PDT",4632,4222,3729,-903
LDWP,"9/25/2019 3 p.m. PDT",4795,4433,4122,-673
LDWP,"9/25/2019 4 p.m. PDT",4943,4600,4522,-421
LDWP,"9/25/2019 5 p.m. PDT",4982,4593,4468,-514
LDWP,"9/25/2019 6 p.m. PDT",4934,4572,4269,-666
LDWP,"9/25/2019 7 p.m. PDT",4645,4477,3959,-686
LDWP,"9/25/2019 8 p.m. PDT",4506,4269,3647,-859
LDWP,"9/25/2019 9 p.m. PDT",4273,4073,3559,-714
LDWP,"9/25/2019 10 p.m. PDT",3966,3883,3419,-547
LDWP,"9/25/2019 11 p.m. PDT",3664,3590,3104,-560
LDWP,"9/26/2019 12 a.m. PDT",3299,3261,2793,-506
LDWP,"9/26/2019 1 a.m. PDT",3051,2506,2502,-549
LDWP,"9/26/2019 2 a.m. PDT",2867,2458,2299,-568
LDWP,"9/26/2019 3 a.m. PDT",2749,2363,2141,-607
LDWP,"9/26/2019 4 a.m. PDT",2688,2300,2142,-546
LDWP,"9/26/2019 5 a.m. PDT",2709,2332,2098,-611
LDWP,"9/26/2019 6 a.m. PDT",2874,2475,2226,-648
LDWP,"9/26/2019 7 a.m. PDT",3197,2657,2423,-774
LDWP,"9/26/2019 8 a.m. PDT",3364,2813,2616,-748
LDWP,"9/26/2019 9 a.m. PDT",3491,2995,2556,-935
LDWP,"9/26/2019 10 a.m. PDT",3651,3178,2809,-843
LDWP,"9/26/2019 11 a.m. PDT",3732,3339,2913,-819
LDWP,"9/26/2019 12 p.m. PDT",3796,3473,2954,-842
LDWP,"9/26/2019 1 p.m. PDT",3785,3611,2942,-843
LDWP,"9/26/2019 2 p.m. PDT",3822,3783,2866,-956
LDWP,"9/26/2019 3 p.m. PDT",3832,3948,2874,-958
LDWP,"9/26/2019 4 p.m. PDT",3902,4075,2877,-1024
LDWP,"9/26/2019 5 p.m. PDT",3888,4072,2912,-976
LDWP,"9/26/2019 6 p.m. PDT",3875,4059,3128,-747
LDWP,"9/26/2019 7 p.m. PDT",3877,3969,3328,-549
LDWP,"9/26/2019 8 p.m. PDT",3934,3827,3508,-426
LDWP,"9/26/2019 9 p.m. PDT",3798,3719,3327,-471
LDWP,"9/26/2019 10 p.m. PDT",3627,3566,2880,-747
LDWP,"9/26/2019 11 p.m. PDT",3323,3303,2691,-632
LDWP,"9/27/2019 12 a.m. PDT",3041,3010,2470,-571
LDWP,"9/27/2019 1 a.m. PDT",2842,2445,2255,-587
LDWP,"9/27/2019 2 a.m. PDT",2685,2407,2180,-506
LDWP,"9/27/2019 3 a.m. PDT",2598,2331,2150,-448
LDWP,"9/27/2019 4 a.m. PDT",2543,2275,2090,-453
LDWP,"9/27/2019 5 a.m. PDT",2564,2324,2060,-504
LDWP,"9/27/2019 6 a.m. PDT",2700,2484,2081,-619
LDWP,"9/27/2019 7 a.m. PDT",3032,2678,2316,-717
LDWP,"9/27/2019 8 a.m. PDT",3157,2796,2468,-690
LDWP,"9/27/2019 9 a.m. PDT",3280,2911,2543,-737
LDWP,"9/27/2019 10 a.m. PDT",3413,3035,2787,-626
LDWP,"9/27/2019 11 a.m. PDT",3510,3122,2855,-656
LDWP,"9/27/2019 12 p.m. PDT",3563,3207,2905,-657
LDWP,"9/27/2019 1 p.m. PDT",3597,3291,2908,-689
LDWP,"9/27/2019 2 p.m. PDT",3593,3386,2919,-674
LDWP,"9/27/2019 3 p.m. PDT",3591,3483,2920,-670
LDWP,"9/27/2019 4 p.m. PDT",3584,3550,2969,-615
LDWP,"9/27/2019 5 p.m. PDT",3567,3544,2936,-631
LDWP,"9/27/2019 6 p.m. PDT",3523,3518,2740,-783
LDWP,"9/27/2019 7 p.m. PDT",3584,3439,2942,-642
LDWP,"9/27/2019 8 p.m. PDT",3618,3357,3130,-489
LDWP,"9/27/2019 9 p.m. PDT",3494,3327,2999,-495
LDWP,"9/27/2019 10 p.m. PDT",3360,3257,2666,-695
LDWP,"9/27/2019 11 p.m. PDT",3081,3054,2581,-501
LDWP,"9/28/2019 12 a.m. PDT",2887,2806,2525,-362
LDWP,"9/28/2019 1 a.m. PDT",2716,2362,2336,-380
LDWP,"9/28/2019 2 a.m. PDT",2586,2318,2149,-436
LDWP,"9/28/2019 3 a.m. PDT",2488,2240,2065,-423
LDWP,"9/28/2019 4 a.m. PDT",2416,2175,2044,-371
LDWP,"9/28/2019 5 a.m. PDT",2409,2181,2024,-385
LDWP,"9/28/2019 6 a.m. PDT",2466,2218,2051,-415
LDWP,"9/28/2019 7 a.m. PDT",2559,2280,2045,-514
LDWP,"9/28/2019 8 a.m. PDT",2627,2370,2068,-559
LDWP,"9/28/2019 9 a.m. PDT",2789,2481,2388,-401
LDWP,"9/28/2019 10 a.m. PDT",2949,2581,2532,-416
LDWP,"9/28/2019 11 a.m. PDT",3027,2638,2607,-420
LDWP,"9/28/2019 12 p.m. PDT",3062,2659,2667,-395
LDWP,"9/28/2019 1 p.m. PDT",3057,2648,2645,-412
LDWP,"9/28/2019 2 p.m. PDT",2992,2621,2664,-327
LDWP,"9/28/2019 3 p.m. PDT",2972,2611,2658,-315
LDWP,"9/28/2019 4 p.m. PDT",2976,2622,2575,-401
LDWP,"9/28/2019 5 p.m. PDT",2977,2633,2375,-601
LDWP,"9/28/2019 6 p.m. PDT",2969,2653,2210,-759
LDWP,"9/28/2019 7 p.m. PDT",3090,2800,2395,-696
LDWP,"9/28/2019 8 p.m. PDT",3188,2791,2690,-497
LDWP,"9/28/2019 9 p.m. PDT",3123,2773,2637,-486
LDWP,"9/28/2019 10 p.m. PDT",3003,2724,2423,-581
LDWP,"9/28/2019 11 p.m. PDT",2796,2637,2348,-448
LDWP,"9/29/2019 12 a.m. PDT",2620,2518,2220,-400
LDWP,"9/29/2019 1 a.m. PDT",2446,2304,2130,-316
LDWP,"9/29/2019 2 a.m. PDT",2321,2264,2074,-247
LDWP,"9/29/2019 3 a.m. PDT",2238,2184,1961,-278
LDWP,"9/29/2019 4 a.m. PDT",2183,2115,1899,-284
LDWP,"9/29/2019 5 a.m. PDT",2161,2078,1880,-281
LDWP,"9/29/2019 6 a.m. PDT",2177,2062,1877,-300
LDWP,"9/29/2019 7 a.m. PDT",2192,2050,1846,-346
LDWP,"9/29/2019 8 a.m. PDT",2204,2095,1938,-266
LDWP,"9/29/2019 9 a.m. PDT",2434,2207,2265,-169
LDWP,"9/29/2019 10 a.m. PDT",2693,2327,2589,-104
LDWP,"9/29/2019 11 a.m. PDT",2776,2430,2660,-117
LDWP,"9/29/2019 12 p.m. PDT",2828,2495,2675,-153
LDWP,"9/29/2019 1 p.m. PDT",2878,2506,2670,-208
LDWP,"9/29/2019 2 p.m. PDT",2927,2529,2658,-269
LDWP,"9/29/2019 3 p.m. PDT",2985,2644,2596,-389
LDWP,"9/29/2019 4 p.m. PDT",2861,2798,2501,-360
LDWP,"9/29/2019 5 p.m. PDT",2847,2909,2458,-389
LDWP,"9/29/2019 6 p.m. PDT",2867,2984,2436,-431
LDWP,"9/29/2019 7 p.m. PDT",2936,3025,2780,-156
LDWP,"9/29/2019 8 p.m. PDT",3082,3015,2962,-120
LDWP,"9/29/2019 9 p.m. PDT",3000,2995,2795,-206
LDWP,"9/29/2019 10 p.m. PDT",2844,2989,2679,-164
LDWP,"9/29/2019 11 p.m. PDT",2657,2906,2335,-323
LDWP,"9/30/2019 12 a.m. PDT",2470,2714,2155,-315
LDWP,"9/30/2019 1 a.m. PDT",2326,2240,2093,-233
LDWP,"9/30/2019 2 a.m. PDT",2215,2192,2028,-187
LDWP,"9/30/2019 3 a.m. PDT",2157,2075,2023,-134
LDWP,"9/30/2019 4 a.m. PDT",2129,2083,2011,-117
LDWP,"9/30/2019 5 a.m. PDT",2171,2133,2068,-103
LDWP,"9/30/2019 6 a.m. PDT",2306,2263,2027,-279
LDWP,"9/30/2019 7 a.m. PDT",2533,2438,1946,-587
LDWP,"9/30/2019 8 a.m. PDT",2672,2624,2147,-525
LDWP,"9/30/2019 9 a.m. PDT",2812,2794,2216,-597
LDWP,"9/30/2019 10 a.m. PDT",3088,2912,2421,-668
LDWP,"9/30/2019 11 a.m. PDT",3238,2975,2599,-640
LDWP,"9/30/2019 12 p.m. PDT",3290,2991,2627,-663
LDWP,"9/30/2019 1 p.m. PDT",3310,2983,2655,-655
LDWP,"9/30/2019 2 p.m. PDT",3361,3025,2636,-725
LDWP,"9/30/2019 3 p.m. PDT",3408,3137,2724,-684
LDWP,"9/30/2019 4 p.m. PDT",3366,3243,2653,-713
LDWP,"9/30/2019 5 p.m. PDT",3200,3350,2434,-766
LDWP,"9/30/2019 6 p.m. PDT",3202,3348,2430,-772
LDWP,"9/30/2019 7 p.m. PDT",3258,3310,2726,-532
LDWP,"9/30/2019 8 p.m. PDT",3339,3233,2786,-553
LDWP,"9/30/2019 9 p.m. PDT",3269,3160,2637,-632
LDWP,"9/30/2019 10 p.m. PDT",3054,3121,2259,-795
LDWP,"9/30/2019 11 p.m. PDT",2788,2991,2299,-489
LDWP,"10/1/2019 12 a.m. PDT",2562,2749,2287,-275
