"BA Code","Timestamp (Hour Ending)","Wind Generation (MWh)","Solar Generation (MWh)","Hydro Generation (MWh)","Other Generation (MWh)","Natural gas Generation (MWh)","Coal Generation (MWh)","Total Generation (MWh)"
LDWP,"8/1/2019 12 a.m. PDT",17,0,57,258,1542,669,2542
LDWP,"8/1/2019 1 a.m. PDT",30,0,57,247,1473,639,2446
LDWP,"8/1/2019 2 a.m. PDT",23,0,57,229,1287,640,2236
LDWP,"8/1/2019 3 a.m. PDT",29,0,57,218,1094,640,2038
LDWP,"8/1/2019 4 a.m. PDT",42,0,57,218,1021,640,1978
LDWP,"8/1/2019 5 a.m. PDT",57,0,57,219,988,641,1962
LDWP,"8/1/2019 6 a.m. PDT",96,0,57,250,989,642,2033
LDWP,"8/1/2019 7 a.m. PDT",76,75,57,249,1000,641,2098
LDWP,"8/1/2019 8 a.m. PDT",48,471,57,247,985,641,2449
LDWP,"8/1/2019 9 a.m. PDT",46,841,57,220,898,641,2704
LDWP,"8/1/2019 10 a.m. PDT",104,1014,56,217,891,641,2923
LDWP,"8/1/2019 11 a.m. PDT",92,1106,56,217,1024,640,3135
LDWP,"8/1/2019 12 p.m. PDT",32,1140,56,239,1253,639,3360
LDWP,"8/1/2019 1 p.m. PDT",18,1149,56,241,1485,639,3589
LDWP,"8/1/2019 2 p.m. PDT",19,1050,57,265,1773,686,3848
LDWP,"8/1/2019 3 p.m. PDT",15,1016,58,286,1998,933,4305
LDWP,"8/1/2019 4 p.m. PDT",26,1074,56,283,1999,1139,4578
LDWP,"8/1/2019 5 p.m. PDT",21,955,56,287,2013,1369,4702
LDWP,"8/1/2019 6 p.m. PDT",48,746,56,267,2083,1482,4682
LDWP,"8/1/2019 7 p.m. PDT",120,357,229,301,2089,1580,4675
LDWP,"8/1/2019 8 p.m. PDT",111,39,249,294,2040,1756,4488
LDWP,"8/1/2019 9 p.m. PDT",86,0,240,278,1933,1720,4256
LDWP,"8/1/2019 10 p.m. PDT",79,0,57,270,2054,1117,3576
LDWP,"8/1/2019 11 p.m. PDT",79,0,57,269,1877,769,3051
LDWP,"8/2/2019 12 a.m. PDT",110,0,57,257,1723,674,2820
LDWP,"8/2/2019 1 a.m. PDT",115,0,57,248,1413,639,2470
LDWP,"8/2/2019 2 a.m. PDT",103,0,56,221,1163,639,2182
LDWP,"8/2/2019 3 a.m. PDT",72,0,56,219,1053,640,2041
LDWP,"8/2/2019 4 a.m. PDT",71,0,56,219,977,641,1965
LDWP,"8/2/2019 5 a.m. PDT",57,0,56,219,978,641,1951
LDWP,"8/2/2019 6 a.m. PDT",47,0,57,220,1014,641,1979
LDWP,"8/2/2019 7 a.m. PDT",49,76,57,247,1089,641,2159
LDWP,"8/2/2019 8 a.m. PDT",37,475,57,220,932,641,2361
LDWP,"8/2/2019 9 a.m. PDT",26,850,56,219,849,641,2642
LDWP,"8/2/2019 10 a.m. PDT",16,1017,56,218,934,642,2884
LDWP,"8/2/2019 11 a.m. PDT",5,1105,56,218,1127,641,3153
LDWP,"8/2/2019 12 p.m. PDT",2,1132,56,228,1402,679,3498
LDWP,"8/2/2019 1 p.m. PDT",24,1128,58,257,1547,1036,4050
LDWP,"8/2/2019 2 p.m. PDT",40,1127,59,286,1644,1285,4440
LDWP,"8/2/2019 3 p.m. PDT",53,1102,59,282,1758,1470,4724
LDWP,"8/2/2019 4 p.m. PDT",47,1011,59,288,1965,1619,4989
LDWP,"8/2/2019 5 p.m. PDT",49,864,60,300,2108,1738,5118
LDWP,"8/2/2019 6 p.m. PDT",62,672,65,273,2124,1742,4938
LDWP,"8/2/2019 7 p.m. PDT",84,309,405,275,2005,1780,4858
LDWP,"8/2/2019 8 p.m. PDT",103,37,538,270,1860,1718,4526
LDWP,"8/2/2019 9 p.m. PDT",75,0,569,251,1868,1346,4109
LDWP,"8/2/2019 10 p.m. PDT",65,0,369,259,1869,1116,3677
LDWP,"8/2/2019 11 p.m. PDT",118,0,203,266,1843,786,3216
LDWP,"8/3/2019 12 a.m. PDT",146,0,168,259,1646,639,2858
LDWP,"8/3/2019 1 a.m. PDT",141,0,169,257,1293,632,2492
LDWP,"8/3/2019 2 a.m. PDT",129,0,169,222,1119,638,2277
LDWP,"8/3/2019 3 a.m. PDT",112,0,168,218,971,639,2108
LDWP,"8/3/2019 4 a.m. PDT",111,0,163,218,879,640,2011
LDWP,"8/3/2019 5 a.m. PDT",93,0,162,218,865,641,1979
LDWP,"8/3/2019 6 a.m. PDT",83,0,163,198,870,641,1954
LDWP,"8/3/2019 7 a.m. PDT",77,56,164,42,951,640,1930
LDWP,"8/3/2019 8 a.m. PDT",36,439,164,42,743,640,2064
LDWP,"8/3/2019 9 a.m. PDT",32,816,163,42,732,640,2425
LDWP,"8/3/2019 10 a.m. PDT",27,956,162,42,820,640,2647
LDWP,"8/3/2019 11 a.m. PDT",17,1074,168,42,908,640,2850
LDWP,"8/3/2019 12 p.m. PDT",34,1095,169,42,1050,641,3032
LDWP,"8/3/2019 1 p.m. PDT",13,1120,168,42,1535,655,3533
LDWP,"8/3/2019 2 p.m. PDT",20,1128,168,58,1742,953,4068
LDWP,"8/3/2019 3 p.m. PDT",137,1088,168,68,1841,1273,4575
LDWP,"8/3/2019 4 p.m. PDT",162,987,169,87,1809,1530,4744
LDWP,"8/3/2019 5 p.m. PDT",144,787,221,88,1977,1377,4593
LDWP,"8/3/2019 6 p.m. PDT",66,629,407,99,2100,1342,4643
LDWP,"8/3/2019 7 p.m. PDT",37,227,557,102,2153,1396,4471
LDWP,"8/3/2019 8 p.m. PDT",40,21,536,130,2164,1341,4231
LDWP,"8/3/2019 9 p.m. PDT",37,0,577,252,2143,940,3948
LDWP,"8/3/2019 10 p.m. PDT",36,0,365,248,2002,664,3315
LDWP,"8/3/2019 11 p.m. PDT",31,0,348,262,1721,641,3002
LDWP,"8/4/2019 12 a.m. PDT",22,0,348,259,1549,639,2817
LDWP,"8/4/2019 1 a.m. PDT",13,0,392,251,1336,639,2631
LDWP,"8/4/2019 2 a.m. PDT",15,0,214,246,1277,639,2391
LDWP,"8/4/2019 3 a.m. PDT",25,0,169,246,1174,640,2255
LDWP,"8/4/2019 4 a.m. PDT",35,0,169,249,1057,641,2151
LDWP,"8/4/2019 5 a.m. PDT",40,0,169,218,997,641,2065
LDWP,"8/4/2019 6 a.m. PDT",51,0,169,214,839,642,1916
LDWP,"8/4/2019 7 a.m. PDT",47,54,169,216,925,642,2053
LDWP,"8/4/2019 8 a.m. PDT",31,421,169,217,771,642,2252
LDWP,"8/4/2019 9 a.m. PDT",34,805,169,217,729,642,2596
LDWP,"8/4/2019 10 a.m. PDT",54,941,168,218,828,642,2852
LDWP,"8/4/2019 11 a.m. PDT",101,1017,169,218,910,642,3057
LDWP,"8/4/2019 12 p.m. PDT",95,1012,169,220,977,642,3115
LDWP,"8/4/2019 1 p.m. PDT",76,1088,169,224,1128,642,3327
LDWP,"8/4/2019 2 p.m. PDT",93,1129,169,265,1460,650,3766
LDWP,"8/4/2019 3 p.m. PDT",80,1028,169,279,1801,905,4262
LDWP,"8/4/2019 4 p.m. PDT",50,991,169,272,2075,1059,4617
LDWP,"8/4/2019 5 p.m. PDT",67,888,167,278,2311,1195,4906
LDWP,"8/4/2019 6 p.m. PDT",76,646,62,285,2329,1593,4991
LDWP,"8/4/2019 7 p.m. PDT",61,299,60,284,2334,1718,4756
LDWP,"8/4/2019 8 p.m. PDT",52,32,260,263,2333,1419,4358
LDWP,"8/4/2019 9 p.m. PDT",82,0,423,263,2335,1209,4312
LDWP,"8/4/2019 10 p.m. PDT",149,0,458,263,2279,756,3906
LDWP,"8/4/2019 11 p.m. PDT",163,0,254,269,1849,640,3175
LDWP,"8/5/2019 12 a.m. PDT",139,0,143,251,1620,640,2792
LDWP,"8/5/2019 1 a.m. PDT",121,0,60,256,1476,639,2552
LDWP,"8/5/2019 2 a.m. PDT",123,0,60,246,1306,639,2373
LDWP,"8/5/2019 3 a.m. PDT",129,0,60,219,1157,640,2205
LDWP,"8/5/2019 4 a.m. PDT",109,0,60,220,1143,641,2171
LDWP,"8/5/2019 5 a.m. PDT",76,0,60,248,1143,642,2167
LDWP,"8/5/2019 6 a.m. PDT",63,0,60,250,1188,643,2203
LDWP,"8/5/2019 7 a.m. PDT",66,65,60,250,1305,641,2386
LDWP,"8/5/2019 8 a.m. PDT",55,454,60,249,1272,641,2731
LDWP,"8/5/2019 9 a.m. PDT",61,843,60,221,1139,642,2966
LDWP,"8/5/2019 10 a.m. PDT",69,1012,60,220,1034,642,3036
LDWP,"8/5/2019 11 a.m. PDT",76,1102,59,251,1216,642,3347
LDWP,"8/5/2019 12 p.m. PDT",45,1133,60,254,1337,739,3568
LDWP,"8/5/2019 1 p.m. PDT",54,1140,59,256,1475,1056,4041
LDWP,"8/5/2019 2 p.m. PDT",50,1137,59,272,1695,1271,4484
LDWP,"8/5/2019 3 p.m. PDT",50,1113,60,281,1857,1618,4979
LDWP,"8/5/2019 4 p.m. PDT",36,1041,60,292,2039,1780,5247
LDWP,"8/5/2019 5 p.m. PDT",52,914,60,293,2198,1782,5298
LDWP,"8/5/2019 6 p.m. PDT",70,688,61,293,2202,1781,5096
LDWP,"8/5/2019 7 p.m. PDT",51,320,249,290,2192,1780,4884
LDWP,"8/5/2019 8 p.m. PDT",53,28,248,275,2183,1783,4571
LDWP,"8/5/2019 9 p.m. PDT",65,0,222,276,2147,1782,4491
LDWP,"8/5/2019 10 p.m. PDT",128,0,60,264,1835,1680,3967
LDWP,"8/5/2019 11 p.m. PDT",149,0,60,270,1785,1352,3616
LDWP,"8/6/2019 12 a.m. PDT",142,0,60,255,1616,875,2949
LDWP,"8/6/2019 1 a.m. PDT",141,0,60,249,1445,640,2534
LDWP,"8/6/2019 2 a.m. PDT",92,0,60,220,1276,639,2286
LDWP,"8/6/2019 3 a.m. PDT",49,0,60,218,1115,639,2081
LDWP,"8/6/2019 4 a.m. PDT",85,0,60,218,998,638,1999
LDWP,"8/6/2019 5 a.m. PDT",79,0,60,219,1050,639,2048
LDWP,"8/6/2019 6 a.m. PDT",72,0,60,250,1199,641,2222
LDWP,"8/6/2019 7 a.m. PDT",53,27,60,253,1306,641,2341
LDWP,"8/6/2019 8 a.m. PDT",54,256,60,222,1364,641,2596
LDWP,"8/6/2019 9 a.m. PDT",56,562,60,220,1490,654,3042
LDWP,"8/6/2019 10 a.m. PDT",57,683,60,217,1520,665,3201
LDWP,"8/6/2019 11 a.m. PDT",50,761,60,252,1598,746,3467
LDWP,"8/6/2019 12 p.m. PDT",47,733,85,251,1561,988,3664
LDWP,"8/6/2019 1 p.m. PDT",44,686,114,256,1622,1417,4139
LDWP,"8/6/2019 2 p.m. PDT",69,606,114,267,1980,1481,4517
LDWP,"8/6/2019 3 p.m. PDT",143,1011,71,287,2184,1600,5298
LDWP,"8/6/2019 4 p.m. PDT",231,916,59,291,2250,1634,5381
LDWP,"8/6/2019 5 p.m. PDT",255,757,59,296,2258,1782,5408
LDWP,"8/6/2019 6 p.m. PDT",233,551,59,286,2264,1784,5177
LDWP,"8/6/2019 7 p.m. PDT",197,289,79,289,2280,1785,4919
LDWP,"8/6/2019 8 p.m. PDT",183,27,91,270,2281,1784,4636
LDWP,"8/6/2019 9 p.m. PDT",175,0,93,265,2197,1783,4513
LDWP,"8/6/2019 10 p.m. PDT",200,0,115,266,2132,1702,4415
LDWP,"8/6/2019 11 p.m. PDT",193,0,66,265,1723,1031,3278
LDWP,"8/7/2019 12 a.m. PDT",126,0,60,249,1784,717,2937
LDWP,"8/7/2019 1 a.m. PDT",101,0,60,249,1682,636,2728
LDWP,"8/7/2019 2 a.m. PDT",125,0,60,248,1214,638,2284
LDWP,"8/7/2019 3 a.m. PDT",148,0,60,221,1022,638,2089
LDWP,"8/7/2019 4 a.m. PDT",81,0,60,219,1030,638,2028
LDWP,"8/7/2019 5 a.m. PDT",91,0,59,221,1031,641,2044
LDWP,"8/7/2019 6 a.m. PDT",62,0,60,252,1218,641,2233
LDWP,"8/7/2019 7 a.m. PDT",66,44,60,253,1315,641,2380
LDWP,"8/7/2019 8 a.m. PDT",101,404,60,247,1257,641,2710
LDWP,"8/7/2019 9 a.m. PDT",97,749,60,219,1085,641,2851
LDWP,"8/7/2019 10 a.m. PDT",94,828,60,218,1210,641,3051
LDWP,"8/7/2019 11 a.m. PDT",115,1046,60,218,1240,641,3320
LDWP,"8/7/2019 12 p.m. PDT",102,989,59,219,1359,655,3383
LDWP,"8/7/2019 1 p.m. PDT",40,902,134,248,1541,837,3702
LDWP,"8/7/2019 2 p.m. PDT",64,826,59,282,1716,896,3844
LDWP,"8/7/2019 3 p.m. PDT",36,765,59,295,1780,1175,4111
LDWP,"8/7/2019 4 p.m. PDT",22,701,59,296,1925,1463,4467
LDWP,"8/7/2019 5 p.m. PDT",14,617,60,295,2177,1568,4731
LDWP,"8/7/2019 6 p.m. PDT",33,349,95,282,2265,1672,4696
LDWP,"8/7/2019 7 p.m. PDT",52,232,253,249,2267,1759,4812
LDWP,"8/7/2019 8 p.m. PDT",100,26,154,274,2249,1781,4584
LDWP,"8/7/2019 9 p.m. PDT",115,0,60,260,2018,1754,4206
LDWP,"8/7/2019 10 p.m. PDT",263,0,60,253,1866,1410,3853
LDWP,"8/7/2019 11 p.m. PDT",226,0,60,247,1654,895,3082
LDWP,"8/8/2019 12 a.m. PDT",241,0,60,222,1496,641,2660
LDWP,"8/8/2019 1 a.m. PDT",269,0,60,247,1163,638,2376
LDWP,"8/8/2019 2 a.m. PDT",258,0,60,220,933,638,2109
LDWP,"8/8/2019 3 a.m. PDT",123,0,60,220,900,640,1942
LDWP,"8/8/2019 4 a.m. PDT",104,0,60,220,902,640,1925
LDWP,"8/8/2019 5 a.m. PDT",67,0,60,220,902,642,1891
LDWP,"8/8/2019 6 a.m. PDT",43,0,60,221,1037,642,2003
LDWP,"8/8/2019 7 a.m. PDT",38,54,60,248,1075,642,2116
LDWP,"8/8/2019 8 a.m. PDT",30,425,60,220,964,642,2341
LDWP,"8/8/2019 9 a.m. PDT",16,827,60,219,823,640,2584
LDWP,"8/8/2019 10 a.m. PDT",18,1010,63,219,823,639,2772
LDWP,"8/8/2019 11 a.m. PDT",22,1109,63,220,836,639,2890
LDWP,"8/8/2019 12 p.m. PDT",27,1140,60,226,995,640,3088
LDWP,"8/8/2019 1 p.m. PDT",27,1086,60,228,1346,643,3390
LDWP,"8/8/2019 2 p.m. PDT",64,1037,60,236,1509,713,3618
LDWP,"8/8/2019 3 p.m. PDT",122,1007,75,243,1725,842,4014
LDWP,"8/8/2019 4 p.m. PDT",297,863,63,255,1763,1078,4320
LDWP,"8/8/2019 5 p.m. PDT",163,833,60,248,1758,1295,4357
LDWP,"8/8/2019 6 p.m. PDT",104,645,60,235,1781,1354,4179
LDWP,"8/8/2019 7 p.m. PDT",105,301,60,236,1885,1540,4127
LDWP,"8/8/2019 8 p.m. PDT",114,23,90,258,1837,1538,3860
LDWP,"8/8/2019 9 p.m. PDT",95,0,288,249,1748,1125,3506
LDWP,"8/8/2019 10 p.m. PDT",87,0,293,252,1749,737,3118
LDWP,"8/8/2019 11 p.m. PDT",71,0,75,251,1681,640,2717
LDWP,"8/9/2019 12 a.m. PDT",55,0,60,222,1547,639,2524
LDWP,"8/9/2019 1 a.m. PDT",50,0,60,248,1330,639,2327
LDWP,"8/9/2019 2 a.m. PDT",39,0,60,221,1124,640,2084
LDWP,"8/9/2019 3 a.m. PDT",49,0,60,218,1055,641,2023
LDWP,"8/9/2019 4 a.m. PDT",38,0,60,219,1002,641,1961
LDWP,"8/9/2019 5 a.m. PDT",30,0,60,249,997,642,1978
LDWP,"8/9/2019 6 a.m. PDT",26,0,60,257,1101,643,2087
LDWP,"8/9/2019 7 a.m. PDT",21,59,60,256,1045,642,2084
LDWP,"8/9/2019 8 a.m. PDT",12,441,60,221,769,642,2144
LDWP,"8/9/2019 9 a.m. PDT",8,840,60,218,670,641,2436
LDWP,"8/9/2019 10 a.m. PDT",7,1018,60,216,666,641,2609
LDWP,"8/9/2019 11 a.m. PDT",12,1125,60,215,675,640,2728
LDWP,"8/9/2019 12 p.m. PDT",125,1168,60,215,720,640,2928
LDWP,"8/9/2019 1 p.m. PDT",167,1167,60,219,958,639,3210
LDWP,"8/9/2019 2 p.m. PDT",166,1161,60,226,1215,640,3468
LDWP,"8/9/2019 3 p.m. PDT",232,1144,60,226,1365,667,3694
LDWP,"8/9/2019 4 p.m. PDT",210,1063,60,250,1571,728,3883
LDWP,"8/9/2019 5 p.m. PDT",195,930,60,254,1701,640,3781
LDWP,"8/9/2019 6 p.m. PDT",179,703,60,262,1755,702,3661
LDWP,"8/9/2019 7 p.m. PDT",186,310,254,270,1752,790,3562
LDWP,"8/9/2019 8 p.m. PDT",137,23,444,256,1757,890,3506
LDWP,"8/9/2019 9 p.m. PDT",96,0,149,253,1847,891,3235
LDWP,"8/9/2019 10 p.m. PDT",102,0,60,260,1834,706,2962
LDWP,"8/9/2019 11 p.m. PDT",139,0,60,265,1553,640,2657
LDWP,"8/10/2019 12 a.m. PDT",112,0,60,233,1464,639,2508
LDWP,"8/10/2019 1 a.m. PDT",66,0,60,253,1260,639,2277
LDWP,"8/10/2019 2 a.m. PDT",64,0,60,254,1121,640,2139
LDWP,"8/10/2019 3 a.m. PDT",89,0,61,253,989,645,2037
LDWP,"8/10/2019 4 a.m. PDT",63,0,61,254,946,640,1963
LDWP,"8/10/2019 5 a.m. PDT",51,0,61,253,855,640,1860
LDWP,"8/10/2019 6 a.m. PDT",54,0,61,253,864,641,1873
LDWP,"8/10/2019 7 a.m. PDT",42,56,61,252,722,641,1774
LDWP,"8/10/2019 8 a.m. PDT",35,439,61,247,484,641,1907
LDWP,"8/10/2019 9 a.m. PDT",84,867,60,220,374,640,2245
LDWP,"8/10/2019 10 a.m. PDT",231,1053,60,217,298,640,2500
LDWP,"8/10/2019 11 a.m. PDT",252,1146,60,217,296,640,2611
LDWP,"8/10/2019 12 p.m. PDT",264,1172,60,217,364,639,2715
LDWP,"8/10/2019 1 p.m. PDT",282,1172,60,218,528,639,2898
LDWP,"8/10/2019 2 p.m. PDT",286,1154,60,246,566,640,2953
LDWP,"8/10/2019 3 p.m. PDT",262,1149,60,248,817,641,3178
LDWP,"8/10/2019 4 p.m. PDT",263,1077,60,248,949,642,3239
LDWP,"8/10/2019 5 p.m. PDT",252,950,60,249,1090,640,3241
LDWP,"8/10/2019 6 p.m. PDT",274,716,60,253,1354,641,3297
LDWP,"8/10/2019 7 p.m. PDT",239,312,60,259,1569,662,3101
LDWP,"8/10/2019 8 p.m. PDT",170,22,262,258,1604,845,3160
LDWP,"8/10/2019 9 p.m. PDT",103,0,290,258,1607,688,2945
LDWP,"8/10/2019 10 p.m. PDT",122,0,116,265,1511,640,2653
LDWP,"8/10/2019 11 p.m. PDT",123,0,60,264,1507,650,2604
LDWP,"8/11/2019 12 a.m. PDT",112,0,60,261,1428,641,2502
LDWP,"8/11/2019 1 a.m. PDT",110,0,60,248,1348,639,2405
LDWP,"8/11/2019 2 a.m. PDT",154,0,60,249,1052,651,2165
LDWP,"8/11/2019 3 a.m. PDT",149,0,60,248,906,639,2002
LDWP,"8/11/2019 4 a.m. PDT",118,0,60,248,926,640,1991
LDWP,"8/11/2019 5 a.m. PDT",95,0,60,244,995,641,2036
LDWP,"8/11/2019 6 a.m. PDT",91,0,60,244,986,641,2022
LDWP,"8/11/2019 7 a.m. PDT",86,56,60,243,931,641,2017
LDWP,"8/11/2019 8 a.m. PDT",75,441,61,218,452,640,1886
LDWP,"8/11/2019 9 a.m. PDT",96,855,60,215,325,640,2191
LDWP,"8/11/2019 10 a.m. PDT",175,1040,60,215,297,640,2427
LDWP,"8/11/2019 11 a.m. PDT",178,1139,60,216,298,640,2531
LDWP,"8/11/2019 12 p.m. PDT",160,1155,60,216,350,640,2581
LDWP,"8/11/2019 1 p.m. PDT",190,1150,60,215,454,640,2709
LDWP,"8/11/2019 2 p.m. PDT",213,1148,87,215,549,641,2852
LDWP,"8/11/2019 3 p.m. PDT",229,1130,249,218,708,641,3175
LDWP,"8/11/2019 4 p.m. PDT",244,1048,249,257,872,642,3313
LDWP,"8/11/2019 5 p.m. PDT",235,917,244,245,1147,643,3431
LDWP,"8/11/2019 6 p.m. PDT",240,688,243,272,1350,642,3437
LDWP,"8/11/2019 7 p.m. PDT",252,296,274,274,1497,671,3263
LDWP,"8/11/2019 8 p.m. PDT",249,19,253,137,1575,883,3116
LDWP,"8/11/2019 9 p.m. PDT",239,0,108,42,1605,861,2855
LDWP,"8/11/2019 10 p.m. PDT",234,0,60,42,1607,736,2680
LDWP,"8/11/2019 11 p.m. PDT",222,0,60,42,1586,644,2555
LDWP,"8/12/2019 12 a.m. PDT",207,0,60,42,1426,640,2375
LDWP,"8/12/2019 1 a.m. PDT",170,0,60,42,1234,639,2146
LDWP,"8/12/2019 2 a.m. PDT",68,0,60,42,1167,640,1977
LDWP,"8/12/2019 3 a.m. PDT",63,0,60,42,940,639,1744
LDWP,"8/12/2019 4 a.m. PDT",43,0,60,42,908,639,1693
LDWP,"8/12/2019 5 a.m. PDT",26,0,60,42,992,640,1760
LDWP,"8/12/2019 6 a.m. PDT",26,0,60,42,1031,640,1799
LDWP,"8/12/2019 7 a.m. PDT",17,52,60,53,1063,640,1885
LDWP,"8/12/2019 8 a.m. PDT",12,430,60,72,1021,641,2236
LDWP,"8/12/2019 9 a.m. PDT",6,834,60,108,866,641,2516
LDWP,"8/12/2019 10 a.m. PDT",0,1021,60,230,860,642,2813
LDWP,"8/12/2019 11 a.m. PDT",0,1106,60,253,871,641,2931
LDWP,"8/12/2019 12 p.m. PDT",0,1138,60,246,1144,648,3237
LDWP,"8/12/2019 1 p.m. PDT",4,1129,59,260,1178,832,3463
LDWP,"8/12/2019 2 p.m. PDT",16,1141,59,261,1152,1015,3644
LDWP,"8/12/2019 3 p.m. PDT",14,1131,59,274,1390,1055,3923
LDWP,"8/12/2019 4 p.m. PDT",13,1063,59,275,1676,886,3972
LDWP,"8/12/2019 5 p.m. PDT",17,936,59,275,1712,890,3889
LDWP,"8/12/2019 6 p.m. PDT",42,699,59,275,1811,891,3778
LDWP,"8/12/2019 7 p.m. PDT",71,294,273,274,2076,991,3980
LDWP,"8/12/2019 8 p.m. PDT",83,16,247,246,2197,1097,3886
LDWP,"8/12/2019 9 p.m. PDT",79,0,244,274,2166,759,3521
LDWP,"8/12/2019 10 p.m. PDT",102,0,246,278,2017,669,3313
LDWP,"8/12/2019 11 p.m. PDT",105,0,90,274,1943,640,3053
LDWP,"8/13/2019 12 a.m. PDT",93,0,60,270,1644,639,2706
LDWP,"8/13/2019 1 a.m. PDT",104,0,60,222,1389,639,2415
LDWP,"8/13/2019 2 a.m. PDT",69,0,60,217,1178,639,2163
LDWP,"8/13/2019 3 a.m. PDT",54,0,60,217,1037,640,2008
LDWP,"8/13/2019 4 a.m. PDT",49,0,60,218,1023,641,1990
LDWP,"8/13/2019 5 a.m. PDT",53,0,60,246,1075,641,2075
LDWP,"8/13/2019 6 a.m. PDT",34,0,60,250,1177,641,2161
LDWP,"8/13/2019 7 a.m. PDT",16,51,60,252,1243,640,2262
LDWP,"8/13/2019 8 a.m. PDT",10,443,60,223,1020,640,2396
LDWP,"8/13/2019 9 a.m. PDT",6,849,60,220,1031,640,2807
LDWP,"8/13/2019 10 a.m. PDT",55,1030,59,220,1069,640,3072
LDWP,"8/13/2019 11 a.m. PDT",52,1113,59,219,1071,640,3154
LDWP,"8/13/2019 12 p.m. PDT",59,1135,60,218,1120,639,3232
LDWP,"8/13/2019 1 p.m. PDT",72,1132,60,236,1661,639,3800
LDWP,"8/13/2019 2 p.m. PDT",64,1135,60,276,1886,720,4141
LDWP,"8/13/2019 3 p.m. PDT",64,1121,60,281,2095,869,4489
LDWP,"8/13/2019 4 p.m. PDT",71,1038,60,304,2114,1135,4722
LDWP,"8/13/2019 5 p.m. PDT",72,904,60,317,2177,1365,4895
LDWP,"8/13/2019 6 p.m. PDT",86,660,60,278,2264,1251,4599
LDWP,"8/13/2019 7 p.m. PDT",98,264,279,290,2323,1368,4622
LDWP,"8/13/2019 8 p.m. PDT",142,15,276,285,2326,1469,4513
LDWP,"8/13/2019 9 p.m. PDT",145,0,283,278,2329,1059,4093
LDWP,"8/13/2019 10 p.m. PDT",111,0,200,271,2273,919,3773
LDWP,"8/13/2019 11 p.m. PDT",126,0,60,267,2052,755,3260
LDWP,"8/14/2019 12 a.m. PDT",151,0,60,265,1614,642,2732
LDWP,"8/14/2019 1 a.m. PDT",122,0,61,246,1310,641,2380
LDWP,"8/14/2019 2 a.m. PDT",82,0,61,218,1173,642,2175
LDWP,"8/14/2019 3 a.m. PDT",46,0,61,217,1076,642,2041
LDWP,"8/14/2019 4 a.m. PDT",33,0,61,217,1055,643,2008
LDWP,"8/14/2019 5 a.m. PDT",45,0,61,220,973,644,1942
LDWP,"8/14/2019 6 a.m. PDT",48,0,60,246,1058,674,2086
LDWP,"8/14/2019 7 a.m. PDT",50,48,60,245,1087,735,2225
LDWP,"8/14/2019 8 a.m. PDT",47,424,60,257,1050,663,2500
LDWP,"8/14/2019 9 a.m. PDT",20,822,60,258,1027,641,2828
LDWP,"8/14/2019 10 a.m. PDT",35,1002,60,322,950,640,3008
LDWP,"8/14/2019 11 a.m. PDT",44,1092,60,324,1052,640,3211
LDWP,"8/14/2019 12 p.m. PDT",13,1113,60,325,1331,648,3489
LDWP,"8/14/2019 1 p.m. PDT",5,1106,60,327,1650,871,4019
LDWP,"8/14/2019 2 p.m. PDT",3,1106,60,327,1701,1174,4371
LDWP,"8/14/2019 3 p.m. PDT",6,1096,60,329,1810,1547,4848
LDWP,"8/14/2019 4 p.m. PDT",7,1030,60,356,2054,1748,5253
LDWP,"8/14/2019 5 p.m. PDT",4,911,60,357,2148,1770,5250
LDWP,"8/14/2019 6 p.m. PDT",22,681,74,329,2163,1780,5049
LDWP,"8/14/2019 7 p.m. PDT",39,265,198,286,2174,1784,4745
LDWP,"8/14/2019 8 p.m. PDT",61,16,285,284,2125,1782,4554
LDWP,"8/14/2019 9 p.m. PDT",73,4,238,252,2005,1783,4356
LDWP,"8/14/2019 10 p.m. PDT",87,6,59,276,1838,1584,3850
LDWP,"8/14/2019 11 p.m. PDT",86,5,60,248,1807,1095,3301
LDWP,"8/15/2019 12 a.m. PDT",60,4,60,253,1761,690,2830
LDWP,"8/15/2019 1 a.m. PDT",101,4,60,252,1379,641,2437
LDWP,"8/15/2019 2 a.m. PDT",98,1,60,218,1149,640,2166
LDWP,"8/15/2019 3 a.m. PDT",67,0,60,217,1016,640,1999
LDWP,"8/15/2019 4 a.m. PDT",49,0,60,217,1011,640,1977
LDWP,"8/15/2019 5 a.m. PDT",43,0,60,218,1014,640,1974
LDWP,"8/15/2019 6 a.m. PDT",57,0,60,219,1072,640,2048
LDWP,"8/15/2019 7 a.m. PDT",47,46,60,245,1313,707,2419
LDWP,"8/15/2019 8 a.m. PDT",30,426,60,240,1167,647,2570
LDWP,"8/15/2019 9 a.m. PDT",22,830,59,241,949,644,2744
LDWP,"8/15/2019 10 a.m. PDT",11,1009,59,242,995,644,2961
LDWP,"8/15/2019 11 a.m. PDT",7,1097,59,240,1156,642,3202
LDWP,"8/15/2019 12 p.m. PDT",1,1119,59,241,1417,670,3507
LDWP,"8/15/2019 1 p.m. PDT",11,1110,60,271,1653,996,4101
LDWP,"8/15/2019 2 p.m. PDT",40,1112,60,271,1762,1149,4394
LDWP,"8/15/2019 3 p.m. PDT",67,1091,59,255,1872,1533,4877
LDWP,"8/15/2019 4 p.m. PDT",80,1016,60,272,2073,1743,5245
LDWP,"8/15/2019 5 p.m. PDT",84,888,60,273,2106,1780,5191
LDWP,"8/15/2019 6 p.m. PDT",167,656,60,269,2078,1785,5015
LDWP,"8/15/2019 7 p.m. PDT",256,257,59,268,2084,1783,4708
LDWP,"8/15/2019 8 p.m. PDT",245,15,212,264,2005,1781,4522
LDWP,"8/15/2019 9 p.m. PDT",198,4,244,234,1883,1509,4072
LDWP,"8/15/2019 10 p.m. PDT",225,6,243,274,1885,1217,3849
LDWP,"8/15/2019 11 p.m. PDT",234,5,113,266,1778,755,3152
LDWP,"8/16/2019 12 a.m. PDT",229,4,60,252,1570,639,2754
LDWP,"8/16/2019 1 a.m. PDT",230,3,60,251,1150,639,2333
LDWP,"8/16/2019 2 a.m. PDT",188,3,60,218,948,639,2055
LDWP,"8/16/2019 3 a.m. PDT",117,3,60,216,947,642,1984
LDWP,"8/16/2019 4 a.m. PDT",95,3,60,216,904,642,1921
LDWP,"8/16/2019 5 a.m. PDT",70,3,60,216,930,644,1922
LDWP,"8/16/2019 6 a.m. PDT",69,3,60,214,1006,644,1996
LDWP,"8/16/2019 7 a.m. PDT",59,45,60,98,1022,643,1926
LDWP,"8/16/2019 8 a.m. PDT",32,402,60,42,1021,641,2198
LDWP,"8/16/2019 9 a.m. PDT",21,806,61,42,1020,642,2591
LDWP,"8/16/2019 10 a.m. PDT",27,988,60,42,1016,641,2774
LDWP,"8/16/2019 11 a.m. PDT",34,1082,60,58,1080,716,3028
LDWP,"8/16/2019 12 p.m. PDT",28,1108,60,68,1323,736,3323
LDWP,"8/16/2019 1 p.m. PDT",57,1101,60,88,1528,828,3662
LDWP,"8/16/2019 2 p.m. PDT",56,1099,60,88,1701,836,3840
LDWP,"8/16/2019 3 p.m. PDT",74,1096,60,89,1797,913,4027
LDWP,"8/16/2019 4 p.m. PDT",124,1042,60,89,1797,926,4037
LDWP,"8/16/2019 5 p.m. PDT",211,924,60,89,1812,1021,4116
LDWP,"8/16/2019 6 p.m. PDT",277,678,60,89,1826,1319,4249
LDWP,"8/16/2019 7 p.m. PDT",256,256,61,89,1829,1619,4110
LDWP,"8/16/2019 8 p.m. PDT",239,14,142,89,1825,1597,3907
LDWP,"8/16/2019 9 p.m. PDT",267,4,170,77,1757,1220,3495
LDWP,"8/16/2019 10 p.m. PDT",222,4,170,68,1756,1125,3343
LDWP,"8/16/2019 11 p.m. PDT",156,3,170,68,1609,825,2830
LDWP,"8/17/2019 12 a.m. PDT",215,3,170,57,1441,636,2522
LDWP,"8/17/2019 1 a.m. PDT",240,3,170,42,1062,637,2154
LDWP,"8/17/2019 2 a.m. PDT",211,3,169,42,948,638,2012
LDWP,"8/17/2019 3 a.m. PDT",184,4,169,42,889,639,1928
LDWP,"8/17/2019 4 a.m. PDT",178,4,169,42,889,640,1921
LDWP,"8/17/2019 5 a.m. PDT",140,3,169,42,891,642,1887
LDWP,"8/17/2019 6 a.m. PDT",157,2,170,42,895,642,1909
LDWP,"8/17/2019 7 a.m. PDT",171,44,169,42,853,642,1922
LDWP,"8/17/2019 8 a.m. PDT",109,413,169,42,689,642,2064
LDWP,"8/17/2019 9 a.m. PDT",118,812,169,42,485,641,2267
LDWP,"8/17/2019 10 a.m. PDT",133,996,169,42,441,642,2423
LDWP,"8/17/2019 11 a.m. PDT",75,1087,169,42,453,642,2468
LDWP,"8/17/2019 12 p.m. PDT",36,1113,168,42,614,642,2615
LDWP,"8/17/2019 1 p.m. PDT",59,1111,168,42,937,641,2959
LDWP,"8/17/2019 2 p.m. PDT",67,1110,169,42,1066,643,3096
LDWP,"8/17/2019 3 p.m. PDT",116,1100,169,42,1143,642,3213
LDWP,"8/17/2019 4 p.m. PDT",190,1033,168,42,1276,642,3352
LDWP,"8/17/2019 5 p.m. PDT",186,908,168,42,1465,641,3410
LDWP,"8/17/2019 6 p.m. PDT",323,658,165,42,1573,678,3441
LDWP,"8/17/2019 7 p.m. PDT",311,255,373,42,1576,885,3443
LDWP,"8/17/2019 8 p.m. PDT",272,13,403,42,1578,885,3194
LDWP,"8/17/2019 9 p.m. PDT",266,4,362,42,1581,859,3114
LDWP,"8/17/2019 10 p.m. PDT",290,4,302,42,1506,648,2792
LDWP,"8/17/2019 11 p.m. PDT",267,4,164,42,1446,638,2561
LDWP,"8/18/2019 12 a.m. PDT",254,3,164,42,1290,639,2392
LDWP,"8/18/2019 1 a.m. PDT",217,4,165,42,1149,640,2218
LDWP,"8/18/2019 2 a.m. PDT",119,3,166,42,1120,639,2089
LDWP,"8/18/2019 3 a.m. PDT",136,4,166,42,984,639,1971
LDWP,"8/18/2019 4 a.m. PDT",207,4,166,42,861,640,1920
LDWP,"8/18/2019 5 a.m. PDT",213,3,167,42,770,642,1838
LDWP,"8/18/2019 6 a.m. PDT",190,4,166,42,757,643,1802
LDWP,"8/18/2019 7 a.m. PDT",153,45,165,42,788,643,1836
LDWP,"8/18/2019 8 a.m. PDT",95,416,166,42,642,642,2003
LDWP,"8/18/2019 9 a.m. PDT",93,804,165,42,304,642,2051
LDWP,"8/18/2019 10 a.m. PDT",204,994,164,42,291,642,2338
LDWP,"8/18/2019 11 a.m. PDT",173,1057,164,42,317,642,2396
LDWP,"8/18/2019 12 p.m. PDT",110,1061,164,42,469,642,2488
LDWP,"8/18/2019 1 p.m. PDT",115,1067,164,42,474,642,2505
LDWP,"8/18/2019 2 p.m. PDT",120,1096,164,42,518,642,2583
LDWP,"8/18/2019 3 p.m. PDT",99,1027,164,42,819,645,2796
LDWP,"8/18/2019 4 p.m. PDT",139,1016,164,42,1099,642,3102
LDWP,"8/18/2019 5 p.m. PDT",192,903,164,42,1273,642,3216
LDWP,"8/18/2019 6 p.m. PDT",212,647,180,42,1389,651,3121
LDWP,"8/18/2019 7 p.m. PDT",204,227,341,42,1533,828,3175
LDWP,"8/18/2019 8 p.m. PDT",162,14,328,42,1736,956,3238
LDWP,"8/18/2019 9 p.m. PDT",99,6,325,42,1844,974,3290
LDWP,"8/18/2019 10 p.m. PDT",111,5,115,42,1853,837,2964
LDWP,"8/18/2019 11 p.m. PDT",128,5,86,42,1768,650,2679
LDWP,"8/19/2019 12 a.m. PDT",140,5,86,42,1486,641,2399
LDWP,"8/19/2019 1 a.m. PDT",108,4,85,42,1421,641,2303
LDWP,"8/19/2019 2 a.m. PDT",112,4,85,42,1374,641,2258
LDWP,"8/19/2019 3 a.m. PDT",78,4,84,42,1350,640,2198
LDWP,"8/19/2019 4 a.m. PDT",90,4,84,42,1267,640,2127
LDWP,"8/19/2019 5 a.m. PDT",105,4,84,42,1236,641,2112
LDWP,"8/19/2019 6 a.m. PDT",91,4,84,42,1256,641,2117
LDWP,"8/19/2019 7 a.m. PDT",65,41,145,42,1277,641,2210
LDWP,"8/19/2019 8 a.m. PDT",34,383,165,42,1272,642,2539
LDWP,"8/19/2019 9 a.m. PDT",28,780,164,42,1070,642,2727
LDWP,"8/19/2019 10 a.m. PDT",36,959,164,42,1020,642,2864
LDWP,"8/19/2019 11 a.m. PDT",89,1042,100,42,1239,642,3154
LDWP,"8/19/2019 12 p.m. PDT",85,1062,84,42,1375,649,3297
LDWP,"8/19/2019 1 p.m. PDT",116,1066,84,42,1622,822,3751
LDWP,"8/19/2019 2 p.m. PDT",139,1068,83,42,1756,893,3981
LDWP,"8/19/2019 3 p.m. PDT",156,1058,83,42,1830,1035,4205
LDWP,"8/19/2019 4 p.m. PDT",182,995,83,42,1831,1272,4405
LDWP,"8/19/2019 5 p.m. PDT",198,871,83,42,1862,1477,4533
LDWP,"8/19/2019 6 p.m. PDT",203,612,161,42,1927,1477,4422
LDWP,"8/19/2019 7 p.m. PDT",184,215,372,54,1930,1430,4186
LDWP,"8/19/2019 8 p.m. PDT",129,8,392,64,1935,1407,3935
LDWP,"8/19/2019 9 p.m. PDT",133,0,329,80,1804,1355,3702
LDWP,"8/19/2019 10 p.m. PDT",130,0,165,97,1754,1248,3394
LDWP,"8/19/2019 11 p.m. PDT",103,0,165,246,1652,811,2976
LDWP,"8/20/2019 12 a.m. PDT",98,0,164,252,1441,638,2594
LDWP,"8/20/2019 1 a.m. PDT",77,0,164,220,1271,640,2373
LDWP,"8/20/2019 2 a.m. PDT",69,0,164,217,1117,642,2210
LDWP,"8/20/2019 3 a.m. PDT",90,0,163,217,932,642,2045
LDWP,"8/20/2019 4 a.m. PDT",103,0,88,217,927,642,1977
LDWP,"8/20/2019 5 a.m. PDT",93,0,84,217,946,643,1983
LDWP,"8/20/2019 6 a.m. PDT",72,0,82,245,1029,643,2070
LDWP,"8/20/2019 7 a.m. PDT",66,37,84,250,1031,664,2132
LDWP,"8/20/2019 8 a.m. PDT",37,385,85,247,1012,721,2488
LDWP,"8/20/2019 9 a.m. PDT",21,784,85,216,921,667,2694
LDWP,"8/20/2019 10 a.m. PDT",18,972,84,206,909,642,2832
LDWP,"8/20/2019 11 a.m. PDT",65,1057,84,215,1024,652,3097
LDWP,"8/20/2019 12 p.m. PDT",113,1068,84,215,1231,733,3442
LDWP,"8/20/2019 1 p.m. PDT",87,1060,84,227,1382,1169,4009
LDWP,"8/20/2019 2 p.m. PDT",81,1059,149,266,1495,1358,4408
LDWP,"8/20/2019 3 p.m. PDT",109,1046,164,280,1804,1206,4609
LDWP,"8/20/2019 4 p.m. PDT",116,974,163,289,1824,1388,4755
LDWP,"8/20/2019 5 p.m. PDT",107,866,164,300,1820,1490,4746
LDWP,"8/20/2019 6 p.m. PDT",123,615,163,300,1917,1650,4768
LDWP,"8/20/2019 7 p.m. PDT",102,216,249,293,2025,1757,4643
LDWP,"8/20/2019 8 p.m. PDT",70,7,363,289,1866,1764,4358
LDWP,"8/20/2019 9 p.m. PDT",90,0,365,265,1749,1445,3915
LDWP,"8/20/2019 10 p.m. PDT",109,0,282,265,1751,1007,3414
LDWP,"8/20/2019 11 p.m. PDT",118,0,96,265,1750,710,2938
LDWP,"8/21/2019 12 a.m. PDT",110,0,83,263,1619,639,2715
LDWP,"8/21/2019 1 a.m. PDT",108,0,83,219,1341,639,2389
LDWP,"8/21/2019 2 a.m. PDT",113,0,83,215,1135,639,2185
LDWP,"8/21/2019 3 a.m. PDT",97,0,83,215,955,640,1990
LDWP,"8/21/2019 4 a.m. PDT",101,0,83,215,863,640,1902
LDWP,"8/21/2019 5 a.m. PDT",115,0,84,215,885,642,1941
LDWP,"8/21/2019 6 a.m. PDT",83,0,83,217,1040,643,2066
LDWP,"8/21/2019 7 a.m. PDT",72,35,83,246,1270,642,2348
LDWP,"8/21/2019 8 a.m. PDT",71,377,83,217,1026,642,2416
LDWP,"8/21/2019 9 a.m. PDT",54,775,83,215,971,642,2740
LDWP,"8/21/2019 10 a.m. PDT",37,960,84,215,1177,642,3115
LDWP,"8/21/2019 11 a.m. PDT",53,1051,95,216,1271,722,3407
LDWP,"8/21/2019 12 p.m. PDT",37,1070,95,220,1459,808,3688
LDWP,"8/21/2019 1 p.m. PDT",32,1073,165,229,1733,1034,4267
LDWP,"8/21/2019 2 p.m. PDT",55,1079,174,250,1734,1226,4519
LDWP,"8/21/2019 3 p.m. PDT",103,1059,174,271,1717,1306,4630
LDWP,"8/21/2019 4 p.m. PDT",131,991,169,285,1837,1475,4887
LDWP,"8/21/2019 5 p.m. PDT",172,889,164,296,1906,1478,4904
LDWP,"8/21/2019 6 p.m. PDT",228,628,164,301,2007,1511,4839
LDWP,"8/21/2019 7 p.m. PDT",246,205,323,297,2107,1739,4917
LDWP,"8/21/2019 8 p.m. PDT",245,6,358,281,2075,1782,4746
LDWP,"8/21/2019 9 p.m. PDT",233,0,369,255,1900,1726,4484
LDWP,"8/21/2019 10 p.m. PDT",227,0,211,272,1733,1425,3867
LDWP,"8/21/2019 11 p.m. PDT",203,0,166,271,1601,951,3191
LDWP,"8/22/2019 12 a.m. PDT",188,0,164,254,1447,670,2724
LDWP,"8/22/2019 1 a.m. PDT",171,0,164,250,1196,636,2416
LDWP,"8/22/2019 2 a.m. PDT",154,0,164,245,1018,637,2218
LDWP,"8/22/2019 3 a.m. PDT",133,0,165,217,994,638,2147
LDWP,"8/22/2019 4 a.m. PDT",121,0,163,218,910,639,2052
LDWP,"8/22/2019 5 a.m. PDT",138,0,162,221,883,642,2045
LDWP,"8/22/2019 6 a.m. PDT",126,0,160,249,981,642,2159
LDWP,"8/22/2019 7 a.m. PDT",127,32,128,251,1030,642,2209
LDWP,"8/22/2019 8 a.m. PDT",122,349,84,230,933,641,2360
LDWP,"8/22/2019 9 a.m. PDT",87,697,84,215,832,642,2557
LDWP,"8/22/2019 10 a.m. PDT",132,899,84,215,836,640,2805
LDWP,"8/22/2019 11 a.m. PDT",202,1023,84,224,978,640,3150
LDWP,"8/22/2019 12 p.m. PDT",262,1005,84,215,1174,715,3455
LDWP,"8/22/2019 1 p.m. PDT",259,1048,127,232,1448,725,3840
LDWP,"8/22/2019 2 p.m. PDT",260,1105,171,259,1575,728,4097
LDWP,"8/22/2019 3 p.m. PDT",298,1100,175,269,1705,973,4520
LDWP,"8/22/2019 4 p.m. PDT",313,1034,176,259,1776,1232,4789
LDWP,"8/22/2019 5 p.m. PDT",302,907,176,262,2007,1209,4863
LDWP,"8/22/2019 6 p.m. PDT",292,615,101,262,2139,1225,4634
LDWP,"8/22/2019 7 p.m. PDT",290,203,289,251,2224,1496,4753
LDWP,"8/22/2019 8 p.m. PDT",297,11,300,278,2229,1492,4608
LDWP,"8/22/2019 9 p.m. PDT",299,5,291,255,2161,1024,4035
LDWP,"8/22/2019 10 p.m. PDT",256,5,94,255,2154,743,3506
LDWP,"8/22/2019 11 p.m. PDT",216,4,93,263,1863,639,3079
LDWP,"8/23/2019 12 a.m. PDT",124,4,93,256,1613,639,2729
LDWP,"8/23/2019 1 a.m. PDT",73,3,94,253,1315,638,2376
LDWP,"8/23/2019 2 a.m. PDT",72,3,93,248,1055,638,2109
LDWP,"8/23/2019 3 a.m. PDT",46,3,93,251,1029,642,2064
LDWP,"8/23/2019 4 a.m. PDT",29,3,95,251,1026,640,2044
LDWP,"8/23/2019 5 a.m. PDT",16,4,106,251,1025,641,2041
LDWP,"8/23/2019 6 a.m. PDT",4,3,129,251,1024,642,2054
LDWP,"8/23/2019 7 a.m. PDT",2,34,144,250,1027,639,2096
LDWP,"8/23/2019 8 a.m. PDT",0,372,127,248,1026,639,2413
LDWP,"8/23/2019 9 a.m. PDT",0,786,94,216,899,640,2635
LDWP,"8/23/2019 10 a.m. PDT",0,987,94,215,780,641,2717
LDWP,"8/23/2019 11 a.m. PDT",2,1085,94,216,786,642,2825
LDWP,"8/23/2019 12 p.m. PDT",15,1104,91,216,832,646,2904
LDWP,"8/23/2019 1 p.m. PDT",31,1107,169,260,1034,647,3248
LDWP,"8/23/2019 2 p.m. PDT",45,1111,169,272,1135,715,3448
LDWP,"8/23/2019 3 p.m. PDT",86,1096,169,279,1310,908,3848
LDWP,"8/23/2019 4 p.m. PDT",82,1002,169,279,1749,931,4212
LDWP,"8/23/2019 5 p.m. PDT",132,862,168,283,1840,903,4189
LDWP,"8/23/2019 6 p.m. PDT",223,605,175,281,1899,896,4081
LDWP,"8/23/2019 7 p.m. PDT",232,212,307,289,2215,939,4193
LDWP,"8/23/2019 8 p.m. PDT",210,9,360,270,2224,951,4024
LDWP,"8/23/2019 9 p.m. PDT",220,5,233,260,2229,889,3835
LDWP,"8/23/2019 10 p.m. PDT",261,5,175,259,2001,664,3365
LDWP,"8/23/2019 11 p.m. PDT",217,4,164,264,1722,639,3011
LDWP,"8/24/2019 12 a.m. PDT",159,4,91,263,1604,640,2761
LDWP,"8/24/2019 1 a.m. PDT",154,4,91,251,1340,641,2481
LDWP,"8/24/2019 2 a.m. PDT",151,3,92,252,1175,642,2317
LDWP,"8/24/2019 3 a.m. PDT",160,3,95,251,1060,644,2213
LDWP,"8/24/2019 4 a.m. PDT",199,4,95,251,1052,644,2245
LDWP,"8/24/2019 5 a.m. PDT",213,4,94,252,1037,645,2245
LDWP,"8/24/2019 6 a.m. PDT",224,3,92,252,1078,645,2295
LDWP,"8/24/2019 7 a.m. PDT",202,34,93,251,1016,645,2241
LDWP,"8/24/2019 8 a.m. PDT",188,372,93,250,738,644,2285
LDWP,"8/24/2019 9 a.m. PDT",240,785,92,217,505,644,2484
LDWP,"8/24/2019 10 a.m. PDT",251,985,92,215,569,644,2756
LDWP,"8/24/2019 11 a.m. PDT",202,1076,93,215,755,642,2984
LDWP,"8/24/2019 12 p.m. PDT",133,1104,102,217,866,643,3064
LDWP,"8/24/2019 1 p.m. PDT",116,1103,175,255,1240,642,3532
LDWP,"8/24/2019 2 p.m. PDT",103,1102,177,272,1751,640,4045
LDWP,"8/24/2019 3 p.m. PDT",135,1083,174,291,2014,641,4338
LDWP,"8/24/2019 4 p.m. PDT",156,1001,176,283,2180,641,4437
LDWP,"8/24/2019 5 p.m. PDT",209,859,176,284,2431,649,4608
LDWP,"8/24/2019 6 p.m. PDT",231,606,176,291,2539,933,4776
LDWP,"8/24/2019 7 p.m. PDT",238,200,175,286,2541,1332,4772
LDWP,"8/24/2019 8 p.m. PDT",235,8,175,270,2547,1143,4379
LDWP,"8/24/2019 9 p.m. PDT",273,4,178,270,2527,794,4046
LDWP,"8/24/2019 10 p.m. PDT",280,4,179,265,1844,639,3211
LDWP,"8/24/2019 11 p.m. PDT",263,5,167,264,1725,640,3064
LDWP,"8/25/2019 12 a.m. PDT",271,4,93,256,1585,640,2850
LDWP,"8/25/2019 1 a.m. PDT",269,3,93,248,1353,640,2605
LDWP,"8/25/2019 2 a.m. PDT",264,4,93,248,1057,640,2307
LDWP,"8/25/2019 3 a.m. PDT",241,4,93,249,918,640,2145
LDWP,"8/25/2019 4 a.m. PDT",201,4,93,248,838,640,2024
LDWP,"8/25/2019 5 a.m. PDT",181,3,94,249,826,641,1994
LDWP,"8/25/2019 6 a.m. PDT",167,3,93,249,847,641,2001
LDWP,"8/25/2019 7 a.m. PDT",183,31,93,247,779,642,1975
LDWP,"8/25/2019 8 a.m. PDT",167,354,94,216,593,642,2065
LDWP,"8/25/2019 9 a.m. PDT",203,765,94,214,464,642,2382
LDWP,"8/25/2019 10 a.m. PDT",203,906,94,215,466,641,2526
LDWP,"8/25/2019 11 a.m. PDT",170,1054,94,221,519,642,2699
LDWP,"8/25/2019 12 p.m. PDT",103,1090,96,250,763,642,2945
LDWP,"8/25/2019 1 p.m. PDT",60,1107,226,254,1023,662,3332
LDWP,"8/25/2019 2 p.m. PDT",57,1096,201,272,1529,736,3890
LDWP,"8/25/2019 3 p.m. PDT",71,1078,176,291,1774,736,4126
LDWP,"8/25/2019 4 p.m. PDT",124,1003,175,294,2018,740,4354
LDWP,"8/25/2019 5 p.m. PDT",141,873,175,305,2303,883,4679
LDWP,"8/25/2019 6 p.m. PDT",165,594,175,294,2318,1044,4591
LDWP,"8/25/2019 7 p.m. PDT",108,189,176,293,2324,1455,4545
LDWP,"8/25/2019 8 p.m. PDT",174,7,173,281,2321,1482,4439
LDWP,"8/25/2019 9 p.m. PDT",303,4,174,269,2316,1279,4346
LDWP,"8/25/2019 10 p.m. PDT",283,5,175,260,2169,724,3616
LDWP,"8/25/2019 11 p.m. PDT",232,4,147,260,2020,640,3303
LDWP,"8/26/2019 12 a.m. PDT",184,4,92,260,1710,640,2890
LDWP,"8/26/2019 1 a.m. PDT",144,3,92,248,1357,640,2484
LDWP,"8/26/2019 2 a.m. PDT",100,3,92,248,1237,641,2322
LDWP,"8/26/2019 3 a.m. PDT",68,3,92,247,1166,641,2217
LDWP,"8/26/2019 4 a.m. PDT",116,3,92,218,1109,640,2179
LDWP,"8/26/2019 5 a.m. PDT",162,3,92,247,1044,641,2188
LDWP,"8/26/2019 6 a.m. PDT",108,3,93,253,1203,641,2301
LDWP,"8/26/2019 7 a.m. PDT",99,33,93,252,1300,641,2417
LDWP,"8/26/2019 8 a.m. PDT",57,331,93,251,1315,640,2687
LDWP,"8/26/2019 9 a.m. PDT",46,733,94,250,1247,640,3009
LDWP,"8/26/2019 10 a.m. PDT",42,953,90,253,1289,641,3267
LDWP,"8/26/2019 11 a.m. PDT",39,1000,92,265,1465,698,3560
LDWP,"8/26/2019 12 p.m. PDT",26,1050,101,266,1595,833,3871
LDWP,"8/26/2019 1 p.m. PDT",14,1064,170,281,1784,883,4197
LDWP,"8/26/2019 2 p.m. PDT",14,1070,170,279,1925,1216,4674
LDWP,"8/26/2019 3 p.m. PDT",17,1051,172,286,1928,1442,4895
LDWP,"8/26/2019 4 p.m. PDT",12,966,173,289,2115,1685,5242
LDWP,"8/26/2019 5 p.m. PDT",20,829,178,307,2287,1706,5327
LDWP,"8/26/2019 6 p.m. PDT",34,551,195,295,2403,1705,5183
LDWP,"8/26/2019 7 p.m. PDT",78,168,520,249,2412,1618,5045
LDWP,"8/26/2019 8 p.m. PDT",68,6,589,233,2369,1608,4873
LDWP,"8/26/2019 9 p.m. PDT",56,4,545,269,2238,1466,4578
LDWP,"8/26/2019 10 p.m. PDT",70,5,551,269,1813,1360,4069
LDWP,"8/26/2019 11 p.m. PDT",46,4,373,264,1734,1207,3628
LDWP,"8/27/2019 12 a.m. PDT",10,4,184,255,1737,975,3165
LDWP,"8/27/2019 1 a.m. PDT",2,4,176,260,1662,650,2753
LDWP,"8/27/2019 2 a.m. PDT",2,3,99,218,1453,641,2416
LDWP,"8/27/2019 3 a.m. PDT",5,4,93,216,1345,641,2304
LDWP,"8/27/2019 4 a.m. PDT",5,3,94,217,1287,641,2247
LDWP,"8/27/2019 5 a.m. PDT",1,3,94,218,1254,641,2211
LDWP,"8/27/2019 6 a.m. PDT",5,3,93,248,1367,643,2358
LDWP,"8/27/2019 7 a.m. PDT",6,27,94,255,1525,643,2550
LDWP,"8/27/2019 8 a.m. PDT",2,338,94,250,1542,643,2868
LDWP,"8/27/2019 9 a.m. PDT",4,745,94,221,1357,668,3089
LDWP,"8/27/2019 10 a.m. PDT",5,943,94,219,1484,734,3478
LDWP,"8/27/2019 11 a.m. PDT",9,1036,94,256,1717,730,3844
LDWP,"8/27/2019 12 p.m. PDT",13,1064,98,255,1819,884,4132
LDWP,"8/27/2019 1 p.m. PDT",18,1059,174,291,1818,1132,4493
LDWP,"8/27/2019 2 p.m. PDT",15,1061,175,303,1814,1406,4774
LDWP,"8/27/2019 3 p.m. PDT",20,1028,178,305,1964,1679,5174
LDWP,"8/27/2019 4 p.m. PDT",18,865,176,312,2228,1756,5356
LDWP,"8/27/2019 5 p.m. PDT",22,773,364,322,2320,1781,5584
LDWP,"8/27/2019 6 p.m. PDT",49,540,405,317,2389,1784,5484
LDWP,"8/27/2019 7 p.m. PDT",32,167,405,334,2347,1781,5067
LDWP,"8/27/2019 8 p.m. PDT",21,5,404,321,2153,1782,4686
LDWP,"8/27/2019 9 p.m. PDT",17,4,376,306,2078,1783,4566
LDWP,"8/27/2019 10 p.m. PDT",12,4,297,297,1973,1759,4342
LDWP,"8/27/2019 11 p.m. PDT",0,4,175,285,1717,1437,3618
LDWP,"8/28/2019 12 a.m. PDT",0,4,174,257,1688,932,3055
LDWP,"8/28/2019 1 a.m. PDT",0,4,115,253,1607,645,2623
LDWP,"8/28/2019 2 a.m. PDT",0,3,93,218,1439,643,2395
LDWP,"8/28/2019 3 a.m. PDT",0,3,93,216,1338,644,2294
LDWP,"8/28/2019 4 a.m. PDT",0,4,93,217,1279,643,2235
LDWP,"8/28/2019 5 a.m. PDT",0,4,94,218,1192,641,2150
LDWP,"8/28/2019 6 a.m. PDT",0,3,93,247,1296,642,2282
LDWP,"8/28/2019 7 a.m. PDT",0,24,93,250,1322,692,2381
LDWP,"8/28/2019 8 a.m. PDT",0,350,93,247,1313,666,2670
LDWP,"8/28/2019 9 a.m. PDT",0,767,93,220,1169,643,2892
LDWP,"8/28/2019 10 a.m. PDT",0,967,93,217,1163,642,3082
LDWP,"8/28/2019 11 a.m. PDT",2,1060,172,217,1238,642,3331
LDWP,"8/28/2019 12 p.m. PDT",29,1101,172,219,1426,642,3589
LDWP,"8/28/2019 1 p.m. PDT",33,1103,176,247,1706,682,3946
LDWP,"8/28/2019 2 p.m. PDT",75,1108,172,274,1819,945,4393
LDWP,"8/28/2019 3 p.m. PDT",192,1088,174,285,1811,1059,4609
LDWP,"8/28/2019 4 p.m. PDT",218,1014,170,294,1808,1367,4872
LDWP,"8/28/2019 5 p.m. PDT",204,877,173,292,1875,1657,5078
LDWP,"8/28/2019 6 p.m. PDT",85,586,175,289,1990,1748,4872
LDWP,"8/28/2019 7 p.m. PDT",169,168,366,283,2086,1780,4852
LDWP,"8/28/2019 8 p.m. PDT",218,5,367,268,1992,1765,4617
LDWP,"8/28/2019 9 p.m. PDT",136,4,363,253,1905,1680,4342
LDWP,"8/28/2019 10 p.m. PDT",159,5,178,255,1816,1546,3959
LDWP,"8/28/2019 11 p.m. PDT",236,5,174,268,1774,969,3425
LDWP,"8/29/2019 12 a.m. PDT",109,5,174,262,1702,652,2904
LDWP,"8/29/2019 1 a.m. PDT",47,3,97,254,1634,640,2676
LDWP,"8/29/2019 2 a.m. PDT",112,4,89,219,1360,641,2424
LDWP,"8/29/2019 3 a.m. PDT",92,4,89,217,1242,640,2284
LDWP,"8/29/2019 4 a.m. PDT",58,4,89,216,1197,641,2204
LDWP,"8/29/2019 5 a.m. PDT",12,4,89,218,1228,641,2193
LDWP,"8/29/2019 6 a.m. PDT",36,4,89,255,1309,642,2334
LDWP,"8/29/2019 7 a.m. PDT",55,27,89,251,1312,641,2375
LDWP,"8/29/2019 8 a.m. PDT",49,351,89,245,1348,641,2724
LDWP,"8/29/2019 9 a.m. PDT",49,768,89,219,1218,641,2983
LDWP,"8/29/2019 10 a.m. PDT",68,979,89,217,1272,641,3266
LDWP,"8/29/2019 11 a.m. PDT",154,1073,141,218,1376,640,3602
LDWP,"8/29/2019 12 p.m. PDT",89,1100,169,242,1569,672,3840
LDWP,"8/29/2019 1 p.m. PDT",42,1103,170,240,1738,875,4167
LDWP,"8/29/2019 2 p.m. PDT",19,1104,211,271,1831,1259,4695
LDWP,"8/29/2019 3 p.m. PDT",28,1085,171,288,1969,1472,5013
LDWP,"8/29/2019 4 p.m. PDT",21,1021,170,305,2121,1503,5141
LDWP,"8/29/2019 5 p.m. PDT",25,896,170,309,2276,1716,5392
LDWP,"8/29/2019 6 p.m. PDT",79,611,173,310,2339,1754,5267
LDWP,"8/29/2019 7 p.m. PDT",101,167,363,297,2359,1779,5065
LDWP,"8/29/2019 8 p.m. PDT",146,4,370,282,2287,1783,4873
LDWP,"8/29/2019 9 p.m. PDT",183,4,343,255,2107,1771,4663
LDWP,"8/29/2019 10 p.m. PDT",236,5,170,253,1887,1668,4219
LDWP,"8/29/2019 11 p.m. PDT",171,4,170,259,1655,1276,3536
LDWP,"8/30/2019 12 a.m. PDT",162,4,156,252,1635,854,3064
LDWP,"8/30/2019 1 a.m. PDT",158,4,91,251,1636,664,2803
LDWP,"8/30/2019 2 a.m. PDT",144,4,90,246,1433,636,2554
LDWP,"8/30/2019 3 a.m. PDT",142,4,91,218,1242,637,2333
LDWP,"8/30/2019 4 a.m. PDT",121,4,91,216,1153,638,2222
LDWP,"8/30/2019 5 a.m. PDT",123,4,91,218,1187,640,2262
LDWP,"8/30/2019 6 a.m. PDT",93,4,90,247,1312,699,2445
LDWP,"8/30/2019 7 a.m. PDT",67,25,91,254,1341,739,2517
LDWP,"8/30/2019 8 a.m. PDT",66,344,91,249,1351,667,2768
LDWP,"8/30/2019 9 a.m. PDT",93,760,91,230,1332,645,3151
LDWP,"8/30/2019 10 a.m. PDT",156,959,93,231,1344,661,3444
LDWP,"8/30/2019 11 a.m. PDT",129,1045,175,261,1540,741,3891
LDWP,"8/30/2019 12 p.m. PDT",140,1079,175,266,1633,894,4188
LDWP,"8/30/2019 1 p.m. PDT",136,1112,173,266,1723,1247,4656
LDWP,"8/30/2019 2 p.m. PDT",151,1103,173,273,1795,1475,4969
LDWP,"8/30/2019 3 p.m. PDT",142,1086,172,282,2030,1477,5187
LDWP,"8/30/2019 4 p.m. PDT",154,1015,170,297,2179,1446,5261
LDWP,"8/30/2019 5 p.m. PDT",168,878,171,297,2235,1612,5361
LDWP,"8/30/2019 6 p.m. PDT",175,595,171,299,2313,1750,5303
LDWP,"8/30/2019 7 p.m. PDT",174,172,203,303,2377,1782,5011
LDWP,"8/30/2019 8 p.m. PDT",135,4,404,292,2024,1786,4644
LDWP,"8/30/2019 9 p.m. PDT",133,3,417,276,1793,1619,4242
LDWP,"8/30/2019 10 p.m. PDT",160,4,404,274,1782,1393,4016
LDWP,"8/30/2019 11 p.m. PDT",161,4,241,274,1785,840,3304
LDWP,"8/31/2019 12 a.m. PDT",135,4,157,262,1789,637,2984
LDWP,"8/31/2019 1 a.m. PDT",117,4,91,261,1732,635,2840
LDWP,"8/31/2019 2 a.m. PDT",101,4,91,260,1423,637,2516
LDWP,"8/31/2019 3 a.m. PDT",65,3,90,247,1324,638,2367
LDWP,"8/31/2019 4 a.m. PDT",62,3,90,246,1174,639,2214
LDWP,"8/31/2019 5 a.m. PDT",54,4,90,246,1131,639,2165
LDWP,"8/31/2019 6 a.m. PDT",47,3,89,246,1187,640,2212
LDWP,"8/31/2019 7 a.m. PDT",47,27,87,247,1276,641,2325
LDWP,"8/31/2019 8 a.m. PDT",30,361,87,222,1088,643,2432
LDWP,"8/31/2019 9 a.m. PDT",26,795,88,220,855,644,2629
LDWP,"8/31/2019 10 a.m. PDT",21,996,88,221,956,645,2925
LDWP,"8/31/2019 11 a.m. PDT",15,1080,88,222,1168,645,3217
LDWP,"8/31/2019 12 p.m. PDT",13,1099,87,228,1516,644,3587
LDWP,"8/31/2019 1 p.m. PDT",34,1094,87,256,1783,713,3967
LDWP,"8/31/2019 2 p.m. PDT",57,1093,87,272,1816,1123,4447
LDWP,"8/31/2019 3 p.m. PDT",57,1082,87,283,1842,1433,4785
LDWP,"8/31/2019 4 p.m. PDT",57,1008,88,293,2033,1468,4947
LDWP,"8/31/2019 5 p.m. PDT",48,878,88,293,2302,1474,5083
LDWP,"8/31/2019 6 p.m. PDT",49,584,178,300,2406,1511,5028
LDWP,"8/31/2019 7 p.m. PDT",51,160,346,291,2404,1582,4834
LDWP,"8/31/2019 8 p.m. PDT",65,5,315,280,2364,1730,4759
LDWP,"8/31/2019 9 p.m. PDT",71,5,204,274,2140,1754,4448
LDWP,"8/31/2019 10 p.m. PDT",144,6,173,259,1926,1500,4008
LDWP,"8/31/2019 11 p.m. PDT",136,4,173,264,1531,1039,3147
LDWP,"9/1/2019 12 a.m. PDT",105,4,172,263,1658,667,2869
