resource,cost_type,cost_decline_assumption,2018,2019,2020,2021,2022,2023,2024,2025,2026,2027,2028,2029,2030,2031,2032,2033,2034,2035,2036,2037,2038,2039,2040,2041,2042,2043,2044,2045,2046,2047,2048,2049,2050
gas_ct,capex_per_kw,advanced,982.9624613,978.2840999,973.6057385,968.9273771,964.2490157,953.1682836,936.0356066,924.7229308,917.898618,910.5327481,905.7257571,902.4892853,897.9904103,894.1351137,890.0108879,885.3037238,881.9012196,879.4478402,876.1299962,874.0919439,871.7230858,868.674988,865.4594253,863.7591086,860.8705451,858.5736987,856.236349,854.3800812,850.9655211,848.6747106,846.3488642,844.0052967,834.3925348
gas_ct,capex_per_kw,moderate,982.9624613,978.2840999,973.6057385,968.9273771,964.2490157,953.1682836,936.0356066,924.7229308,917.898618,910.5327481,905.7257571,902.4892853,897.9904103,894.1351137,890.0108879,885.3037238,881.9012196,879.4478402,876.1299962,874.0919439,871.7230858,868.674988,865.4594253,863.7591086,860.8705451,858.5736987,856.236349,854.3800812,850.9655211,848.6747106,846.3488642,844.0052967,834.3925348
gas_ct,capex_per_kw,conservative,982.9624613,978.2840999,973.6057385,968.9273771,964.2490157,953.1682836,936.0356066,924.7229308,917.898618,910.5327481,905.7257571,902.4892853,897.9904103,894.1351137,890.0108879,885.3037238,881.9012196,879.4478402,876.1299962,874.0919439,871.7230858,868.674988,865.4594253,863.7591086,860.8705451,858.5736987,856.236349,854.3800812,850.9655211,848.6747106,846.3488642,844.0052967,834.3925348
gas_cc,capex_per_kw,advanced,1088.327739,1077.13417,1065.940601,1054.747032,1043.553463,1032.359894,1018.169642,1008.001936,1001.987541,995.3772256,990.9580485,987.7374481,983.2351768,979.3196554,975.1004686,970.3719652,966.9721654,964.264316,960.5047452,958.14821,955.4289208,951.9653304,948.3182869,946.3316572,943.0431611,940.4028182,937.7181262,935.5602188,931.6959972,929.0622076,926.3899459,923.6983795,913.052378
gas_cc,capex_per_kw,moderate,1088.327739,1077.13417,1065.940601,1054.747032,1043.553463,1032.359894,1018.169642,1008.001936,1001.987541,995.3772256,990.9580485,987.7374481,983.2351768,979.3196554,975.1004686,970.3719652,966.9721654,964.264316,960.5047452,958.14821,955.4289208,951.9653304,948.3182869,946.3316572,943.0431611,940.4028182,937.7181262,935.5602188,931.6959972,929.0622076,926.3899459,923.6983795,913.052378
gas_cc,capex_per_kw,conservative,1088.327739,1077.13417,1065.940601,1054.747032,1043.553463,1032.359894,1018.169642,1008.001936,1001.987541,995.3772256,990.9580485,987.7374481,983.2351768,979.3196554,975.1004686,970.3719652,966.9721654,964.264316,960.5047452,958.14821,955.4289208,951.9653304,948.3182869,946.3316572,943.0431611,940.4028182,937.7181262,935.5602188,931.6959972,929.0622076,926.3899459,923.6983795,913.052378
gas_cc_ccs,capex_per_kw,advanced,2778.137662,2737.578812,2697.019962,2656.461111,2615.902261,2575.343411,2515.972108,2473.942808,2444.49171,2413.583906,2389.959285,2370.923737,2348.470888,2327.816517,2306.472064,2283.487106,2263.974994,2247.282552,2228.509452,2212.997134,2196.640858,2178.578727,2160.112688,2145.42892,2127.789768,2111.616099,2095.339389,2080.231123,2061.333219,2045.166746,2028.912372,2012.612554,1979.0682
gas_cc_ccs,capex_per_kw,moderate,2778.137662,2737.578812,2697.019962,2656.461111,2615.902261,2575.343411,2515.972108,2473.942808,2444.49171,2413.583906,2389.959285,2370.923737,2348.470888,2327.816517,2306.472064,2283.487106,2263.974994,2247.282552,2228.509452,2212.997134,2196.640858,2178.578727,2160.112688,2145.42892,2127.789768,2111.616099,2095.339389,2080.231123,2061.333219,2045.166746,2028.912372,2012.612554,1979.0682
gas_cc_ccs,capex_per_kw,conservative,2778.137662,2737.578812,2697.019962,2656.461111,2615.902261,2575.343411,2515.972108,2473.942808,2444.49171,2413.583906,2389.959285,2370.923737,2348.470888,2327.816517,2306.472064,2283.487106,2263.974994,2247.282552,2228.509452,2212.997134,2196.640858,2178.578727,2160.112688,2145.42892,2127.789768,2111.616099,2095.339389,2080.231123,2061.333219,2045.166746,2028.912372,2012.612554,1979.0682
gas_ct,fixed_per_kw_year,advanced,11.39489194,11.39489194,11.39489194,11.39489194,11.39489194,11.39489194,11.39489194,11.39489194,11.39489194,11.39489194,11.39489194,11.39489194,11.39489194,11.39489194,11.39489194,11.39489194,11.39489194,11.39489194,11.39489194,11.39489194,11.39489194,11.39489194,11.39489194,11.39489194,11.39489194,11.39489194,11.39489194,11.39489194,11.39489194,11.39489194,11.39489194,11.39489194,11.39489194
gas_ct,fixed_per_kw_year,moderate,11.39489194,11.39489194,11.39489194,11.39489194,11.39489194,11.39489194,11.39489194,11.39489194,11.39489194,11.39489194,11.39489194,11.39489194,11.39489194,11.39489194,11.39489194,11.39489194,11.39489194,11.39489194,11.39489194,11.39489194,11.39489194,11.39489194,11.39489194,11.39489194,11.39489194,11.39489194,11.39489194,11.39489194,11.39489194,11.39489194,11.39489194,11.39489194,11.39489194
gas_ct,fixed_per_kw_year,conservative,11.39489194,11.39489194,11.39489194,11.39489194,11.39489194,11.39489194,11.39489194,11.39489194,11.39489194,11.39489194,11.39489194,11.39489194,11.39489194,11.39489194,11.39489194,11.39489194,11.39489194,11.39489194,11.39489194,11.39489194,11.39489194,11.39489194,11.39489194,11.39489194,11.39489194,11.39489194,11.39489194,11.39489194,11.39489194,11.39489194,11.39489194,11.39489194,11.39489194
gas_cc,fixed_per_kw_year,advanced,12.86345776,12.86345776,12.86345776,12.86345776,12.86345776,12.86345776,12.86345776,12.86345776,12.86345776,12.86345776,12.86345776,12.86345776,12.86345776,12.86345776,12.86345776,12.86345776,12.86345776,12.86345776,12.86345776,12.86345776,12.86345776,12.86345776,12.86345776,12.86345776,12.86345776,12.86345776,12.86345776,12.86345776,12.86345776,12.86345776,12.86345776,12.86345776,12.86345776
gas_cc,fixed_per_kw_year,moderate,12.86345776,12.86345776,12.86345776,12.86345776,12.86345776,12.86345776,12.86345776,12.86345776,12.86345776,12.86345776,12.86345776,12.86345776,12.86345776,12.86345776,12.86345776,12.86345776,12.86345776,12.86345776,12.86345776,12.86345776,12.86345776,12.86345776,12.86345776,12.86345776,12.86345776,12.86345776,12.86345776,12.86345776,12.86345776,12.86345776,12.86345776,12.86345776,12.86345776
gas_cc,fixed_per_kw_year,conservative,12.86345776,12.86345776,12.86345776,12.86345776,12.86345776,12.86345776,12.86345776,12.86345776,12.86345776,12.86345776,12.86345776,12.86345776,12.86345776,12.86345776,12.86345776,12.86345776,12.86345776,12.86345776,12.86345776,12.86345776,12.86345776,12.86345776,12.86345776,12.86345776,12.86345776,12.86345776,12.86345776,12.86345776,12.86345776,12.86345776,12.86345776,12.86345776,12.86345776
gas_cc_ccs,fixed_per_kw_year,advanced,26.99410609,26.99410609,26.99410609,26.99410609,26.99410609,26.99410609,26.99410609,26.99410609,26.99410609,26.99410609,26.99410609,26.99410609,26.99410609,26.99410609,26.99410609,26.99410609,26.99410609,26.99410609,26.99410609,26.99410609,26.99410609,26.99410609,26.99410609,26.99410609,26.99410609,26.99410609,26.99410609,26.99410609,26.99410609,26.99410609,26.99410609,26.99410609,26.99410609
gas_cc_ccs,fixed_per_kw_year,moderate,26.99410609,26.99410609,26.99410609,26.99410609,26.99410609,26.99410609,26.99410609,26.99410609,26.99410609,26.99410609,26.99410609,26.99410609,26.99410609,26.99410609,26.99410609,26.99410609,26.99410609,26.99410609,26.99410609,26.99410609,26.99410609,26.99410609,26.99410609,26.99410609,26.99410609,26.99410609,26.99410609,26.99410609,26.99410609,26.99410609,26.99410609,26.99410609,26.99410609
gas_cc_ccs,fixed_per_kw_year,conservative,26.99410609,26.99410609,26.99410609,26.99410609,26.99410609,26.99410609,26.99410609,26.99410609,26.99410609,26.99410609,26.99410609,26.99410609,26.99410609,26.99410609,26.99410609,26.99410609,26.99410609,26.99410609,26.99410609,26.99410609,26.99410609,26.99410609,26.99410609,26.99410609,26.99410609,26.99410609,26.99410609,26.99410609,26.99410609,26.99410609,26.99410609,26.99410609,26.99410609
gas_ct,variable_per_mwh,advanced,4.499017682,4.499017682,4.499017682,4.499017682,4.499017682,4.499017682,4.499017682,4.499017682,4.499017682,4.499017682,4.499017682,4.499017682,4.499017682,4.499017682,4.499017682,4.499017682,4.499017682,4.499017682,4.499017682,4.499017682,4.499017682,4.499017682,4.499017682,4.499017682,4.499017682,4.499017682,4.499017682,4.499017682,4.499017682,4.499017682,4.499017682,4.499017682,4.499017682
gas_ct,variable_per_mwh,moderate,4.499017682,4.499017682,4.499017682,4.499017682,4.499017682,4.499017682,4.499017682,4.499017682,4.499017682,4.499017682,4.499017682,4.499017682,4.499017682,4.499017682,4.499017682,4.499017682,4.499017682,4.499017682,4.499017682,4.499017682,4.499017682,4.499017682,4.499017682,4.499017682,4.499017682,4.499017682,4.499017682,4.499017682,4.499017682,4.499017682,4.499017682,4.499017682,4.499017682
gas_ct,variable_per_mwh,conservative,4.499017682,4.499017682,4.499017682,4.499017682,4.499017682,4.499017682,4.499017682,4.499017682,4.499017682,4.499017682,4.499017682,4.499017682,4.499017682,4.499017682,4.499017682,4.499017682,4.499017682,4.499017682,4.499017682,4.499017682,4.499017682,4.499017682,4.499017682,4.499017682,4.499017682,4.499017682,4.499017682,4.499017682,4.499017682,4.499017682,4.499017682,4.499017682,4.499017682
gas_cc,variable_per_mwh,advanced,2.161100196,2.161100196,2.161100196,2.161100196,2.161100196,2.161100196,2.161100196,2.161100196,2.161100196,2.161100196,2.161100196,2.161100196,2.161100196,2.161100196,2.161100196,2.161100196,2.161100196,2.161100196,2.161100196,2.161100196,2.161100196,2.161100196,2.161100196,2.161100196,2.161100196,2.161100196,2.161100196,2.161100196,2.161100196,2.161100196,2.161100196,2.161100196,2.161100196
gas_cc,variable_per_mwh,moderate,2.161100196,2.161100196,2.161100196,2.161100196,2.161100196,2.161100196,2.161100196,2.161100196,2.161100196,2.161100196,2.161100196,2.161100196,2.161100196,2.161100196,2.161100196,2.161100196,2.161100196,2.161100196,2.161100196,2.161100196,2.161100196,2.161100196,2.161100196,2.161100196,2.161100196,2.161100196,2.161100196,2.161100196,2.161100196,2.161100196,2.161100196,2.161100196,2.161100196
gas_cc,variable_per_mwh,conservative,2.161100196,2.161100196,2.161100196,2.161100196,2.161100196,2.161100196,2.161100196,2.161100196,2.161100196,2.161100196,2.161100196,2.161100196,2.161100196,2.161100196,2.161100196,2.161100196,2.161100196,2.161100196,2.161100196,2.161100196,2.161100196,2.161100196,2.161100196,2.161100196,2.161100196,2.161100196,2.161100196,2.161100196,2.161100196,2.161100196,2.161100196,2.161100196,2.161100196
gas_cc_ccs,variable_per_mwh,advanced,5.717092338,5.717092338,5.717092338,5.717092338,5.717092338,5.717092338,5.717092338,5.717092338,5.717092338,5.717092338,5.717092338,5.717092338,5.717092338,5.717092338,5.717092338,5.717092338,5.717092338,5.717092338,5.717092338,5.717092338,5.717092338,5.717092338,5.717092338,5.717092338,5.717092338,5.717092338,5.717092338,5.717092338,5.717092338,5.717092338,5.717092338,5.717092338,5.717092338
gas_cc_ccs,variable_per_mwh,moderate,5.717092338,5.717092338,5.717092338,5.717092338,5.717092338,5.717092338,5.717092338,5.717092338,5.717092338,5.717092338,5.717092338,5.717092338,5.717092338,5.717092338,5.717092338,5.717092338,5.717092338,5.717092338,5.717092338,5.717092338,5.717092338,5.717092338,5.717092338,5.717092338,5.717092338,5.717092338,5.717092338,5.717092338,5.717092338,5.717092338,5.717092338,5.717092338,5.717092338
gas_cc_ccs,variable_per_mwh,conservative,5.717092338,5.717092338,5.717092338,5.717092338,5.717092338,5.717092338,5.717092338,5.717092338,5.717092338,5.717092338,5.717092338,5.717092338,5.717092338,5.717092338,5.717092338,5.717092338,5.717092338,5.717092338,5.717092338,5.717092338,5.717092338,5.717092338,5.717092338,5.717092338,5.717092338,5.717092338,5.717092338,5.717092338,5.717092338,5.717092338,5.717092338,5.717092338,5.717092338
gas_ct,heat_rate_mmbtu_per_mwh,advanced,9.5145,9.5145,9.5145,9.5145,9.5145,9.5145,9.5145,9.5145,9.5145,9.5145,9.5145,9.5145,9.5145,9.5145,9.5145,9.5145,9.5145,9.5145,9.5145,9.5145,9.5145,9.5145,9.5145,9.5145,9.5145,9.5145,9.5145,9.5145,9.5145,9.5145,9.5145,9.5145,9.5145
gas_ct,heat_rate_mmbtu_per_mwh,moderate,9.5145,9.5145,9.5145,9.5145,9.5145,9.5145,9.5145,9.5145,9.5145,9.5145,9.5145,9.5145,9.5145,9.5145,9.5145,9.5145,9.5145,9.5145,9.5145,9.5145,9.5145,9.5145,9.5145,9.5145,9.5145,9.5145,9.5145,9.5145,9.5145,9.5145,9.5145,9.5145,9.5145
gas_ct,heat_rate_mmbtu_per_mwh,conservative,9.5145,9.5145,9.5145,9.5145,9.5145,9.5145,9.5145,9.5145,9.5145,9.5145,9.5145,9.5145,9.5145,9.5145,9.5145,9.5145,9.5145,9.5145,9.5145,9.5145,9.5145,9.5145,9.5145,9.5145,9.5145,9.5145,9.5145,9.5145,9.5145,9.5145,9.5145,9.5145,9.5145
gas_cc,heat_rate_mmbtu_per_mwh,advanced,6.4005,6.4005,6.4005,6.4005,6.4005,6.4005,6.4005,6.4005,6.4005,6.4005,6.4005,6.4005,6.4005,6.4005,6.4005,6.4005,6.4005,6.4005,6.4005,6.4005,6.4005,6.4005,6.4005,6.4005,6.4005,6.4005,6.4005,6.4005,6.4005,6.4005,6.4005,6.4005,6.4005
gas_cc,heat_rate_mmbtu_per_mwh,moderate,6.4005,6.4005,6.4005,6.4005,6.4005,6.4005,6.4005,6.4005,6.4005,6.4005,6.4005,6.4005,6.4005,6.4005,6.4005,6.4005,6.4005,6.4005,6.4005,6.4005,6.4005,6.4005,6.4005,6.4005,6.4005,6.4005,6.4005,6.4005,6.4005,6.4005,6.4005,6.4005,6.4005
gas_cc,heat_rate_mmbtu_per_mwh,conservative,6.4005,6.4005,6.4005,6.4005,6.4005,6.4005,6.4005,6.4005,6.4005,6.4005,6.4005,6.4005,6.4005,6.4005,6.4005,6.4005,6.4005,6.4005,6.4005,6.4005,6.4005,6.4005,6.4005,6.4005,6.4005,6.4005,6.4005,6.4005,6.4005,6.4005,6.4005,6.4005,6.4005
gas_cc_ccs,heat_rate_mmbtu_per_mwh,advanced,7.525,7.525,7.525,7.525,7.525,7.525,7.525,7.525,7.525,7.525,7.525,7.525,7.525,7.525,7.525,7.525,7.525,7.525,7.525,7.525,7.525,7.525,7.525,7.525,7.525,7.525,7.525,7.525,7.525,7.525,7.525,7.525,7.525
gas_cc_ccs,heat_rate_mmbtu_per_mwh,moderate,7.525,7.525,7.525,7.525,7.525,7.525,7.525,7.525,7.525,7.525,7.525,7.525,7.525,7.525,7.525,7.525,7.525,7.525,7.525,7.525,7.525,7.525,7.525,7.525,7.525,7.525,7.525,7.525,7.525,7.525,7.525,7.525,7.525
gas_cc_ccs,heat_rate_mmbtu_per_mwh,conservative,7.525,7.525,7.525,7.525,7.525,7.525,7.525,7.525,7.525,7.525,7.525,7.525,7.525,7.525,7.525,7.525,7.525,7.525,7.525,7.525,7.525,7.525,7.525,7.525,7.525,7.525,7.525,7.525,7.525,7.525,7.525,7.525,7.525
gas_ct,fuel_costs_per_mmbtu,advanced,2.80824165,2.80824165,2.6043389,2.76747446,2.761818271,2.830696464,2.977101179,3.248724951,3.453934185,3.583047151,3.646863458,3.636278978,3.566907662,3.53435167,3.55911002,3.624749509,3.677520629,3.672337917,3.669430255,3.707327112,3.728062868,3.733790766,3.739814342,3.735955796,3.745098232,3.754679764,3.771070727,3.783829077,3.825990177,3.879633595,3.915163065,3.937715128,3.993376228
gas_ct,fuel_costs_per_mmbtu,moderate,2.80824165,2.80824165,2.6043389,2.76747446,2.761818271,2.830696464,2.977101179,3.248724951,3.453934185,3.583047151,3.646863458,3.636278978,3.566907662,3.53435167,3.55911002,3.624749509,3.677520629,3.672337917,3.669430255,3.707327112,3.728062868,3.733790766,3.739814342,3.735955796,3.745098232,3.754679764,3.771070727,3.783829077,3.825990177,3.879633595,3.915163065,3.937715128,3.993376228
gas_ct,fuel_costs_per_mmbtu,conservative,2.80824165,2.80824165,2.6043389,2.76747446,2.761818271,2.830696464,2.977101179,3.248724951,3.453934185,3.583047151,3.646863458,3.636278978,3.566907662,3.53435167,3.55911002,3.624749509,3.677520629,3.672337917,3.669430255,3.707327112,3.728062868,3.733790766,3.739814342,3.735955796,3.745098232,3.754679764,3.771070727,3.783829077,3.825990177,3.879633595,3.915163065,3.937715128,3.993376228
gas_cc,fuel_costs_per_mmbtu,advanced,2.80824165,2.80824165,2.6043389,2.76747446,2.761818271,2.830696464,2.977101179,3.248724951,3.453934185,3.583047151,3.646863458,3.636278978,3.566907662,3.53435167,3.55911002,3.624749509,3.677520629,3.672337917,3.669430255,3.707327112,3.728062868,3.733790766,3.739814342,3.735955796,3.745098232,3.754679764,3.771070727,3.783829077,3.825990177,3.879633595,3.915163065,3.937715128,3.993376228
gas_cc,fuel_costs_per_mmbtu,moderate,2.80824165,2.80824165,2.6043389,2.76747446,2.761818271,2.830696464,2.977101179,3.248724951,3.453934185,3.583047151,3.646863458,3.636278978,3.566907662,3.53435167,3.55911002,3.624749509,3.677520629,3.672337917,3.669430255,3.707327112,3.728062868,3.733790766,3.739814342,3.735955796,3.745098232,3.754679764,3.771070727,3.783829077,3.825990177,3.879633595,3.915163065,3.937715128,3.993376228
gas_cc,fuel_costs_per_mmbtu,conservative,2.80824165,2.80824165,2.6043389,2.76747446,2.761818271,2.830696464,2.977101179,3.248724951,3.453934185,3.583047151,3.646863458,3.636278978,3.566907662,3.53435167,3.55911002,3.624749509,3.677520629,3.672337917,3.669430255,3.707327112,3.728062868,3.733790766,3.739814342,3.735955796,3.745098232,3.754679764,3.771070727,3.783829077,3.825990177,3.879633595,3.915163065,3.937715128,3.993376228
gas_cc_ccs,fuel_costs_per_mmbtu,advanced,2.80824165,2.80824165,2.6043389,2.76747446,2.761818271,2.830696464,2.977101179,3.248724951,3.453934185,3.583047151,3.646863458,3.636278978,3.566907662,3.53435167,3.55911002,3.624749509,3.677520629,3.672337917,3.669430255,3.707327112,3.728062868,3.733790766,3.739814342,3.735955796,3.745098232,3.754679764,3.771070727,3.783829077,3.825990177,3.879633595,3.915163065,3.937715128,3.993376228
gas_cc_ccs,fuel_costs_per_mmbtu,moderate,2.80824165,2.80824165,2.6043389,2.76747446,2.761818271,2.830696464,2.977101179,3.248724951,3.453934185,3.583047151,3.646863458,3.636278978,3.566907662,3.53435167,3.55911002,3.624749509,3.677520629,3.672337917,3.669430255,3.707327112,3.728062868,3.733790766,3.739814342,3.735955796,3.745098232,3.754679764,3.771070727,3.783829077,3.825990177,3.879633595,3.915163065,3.937715128,3.993376228
gas_cc_ccs,fuel_costs_per_mmbtu,conservative,2.80824165,2.80824165,2.6043389,2.76747446,2.761818271,2.830696464,2.977101179,3.248724951,3.453934185,3.583047151,3.646863458,3.636278978,3.566907662,3.53435167,3.55911002,3.624749509,3.677520629,3.672337917,3.669430255,3.707327112,3.728062868,3.733790766,3.739814342,3.735955796,3.745098232,3.754679764,3.771070727,3.783829077,3.825990177,3.879633595,3.915163065,3.937715128,3.993376228
res_shift_space_cooling,capex_per_kw,moderate,0,0,0,0,0,0,0,0,0,0,0,0,0,0,0,0,0,0,0,0,0,0,0,0,0,0,0,0,0,0,0,0,0
ci_shift_space_cooling,capex_per_kw,moderate,0,0,0,0,0,0,0,0,0,0,0,0,0,0,0,0,0,0,0,0,0,0,0,0,0,0,0,0,0,0,0,0,0
ci_shed_nonwatersystem,capex_per_kw,moderate,0,0,0,0,0,0,0,0,0,0,0,0,0,0,0,0,0,0,0,0,0,0,0,0,0,0,0,0,0,0,0,0,0
res_shift_space_cooling,fixed_per_kw_year,moderate,,,40,40,40,40,40,40,50,60,70,80,90,91.33,92.66,93.99,95.32,96.65,97.98,99.31,100.64,101.97,103.3,104.63,105.96,107.29,108.62,110,110,110,110,110,110
ci_shift_space_cooling,fixed_per_kw_year,moderate,,,,,,,,21,21,21,21,21,21,21,21,21,21,21,21,21,21,21,21,21,21,21,21,21,21,21,21,21,21
ci_shed_nonwatersystem,fixed_per_kw_year,moderate,48,48,48,48,48,48,48,48,48,48,48,48,48,48,48,48,48,48,48,48,48,48,48,48,48,48,48,48,48,48,48,48,48
res_shift_space_cooling,variable_per_mwh,moderate,0,0,0,0,0,0,0,0,0,0,0,0,0,0,0,0,0,0,0,0,0,0,0,0,0,0,0,0,0,0,0,0,0
ci_shift_space_cooling,variable_per_mwh,moderate,0,0,0,0,0,0,0,0,0,0,0,0,0,0,0,0,0,0,0,0,0,0,0,0,0,0,0,0,0,0,0,0,0
ci_shed_nonwatersystem,variable_per_mwh,moderate,250,250,250,250,250,250,250,250,250,250,250,250,250,250,250,250,250,250,250,250,250,250,250,250,250,250,250,250,250,250,250,250,250
utility_solar_inbasin_rsCrsQ,capex_per_kw,advanced,1599.901784,1405.258715,1340.034403,1274.810092,1209.58578,1144.361469,1079.137157,1013.912846,948.6885345,883.464223,818.2399116,753.0156001,687.7912887,679.2804627,670.7696367,662.2588108,653.7479848,645.2371589,636.7263329,628.215507,619.704681,611.1938551,602.6830291,594.1722032,585.6613772,577.1505512,568.6397253,560.1288993,551.6180734,543.1072474,534.5964215,526.0855955,517.5747696
utility_solar_inbasin_rsCrsQ,capex_per_kw,moderate,1599.901784,1405.258715,1353.542857,1301.826999,1250.111141,1198.395283,1146.679426,1094.963568,1043.24771,991.531852,939.8159941,888.1001363,836.3842785,828.954629,821.5249795,814.09533,806.6656805,799.236031,791.8063815,784.376732,776.9470825,769.5174331,762.0877836,754.6581341,747.2284846,739.7988351,732.3691856,724.9395361,717.5098866,710.0802371,702.6505876,695.2209381,687.7912887
utility_solar_inbasin_rsCrsQ,capex_per_kw,conservative,1599.901784,1405.258715,1388.723234,1372.187753,1355.652272,1339.116792,1322.581311,1306.04583,1289.510349,1272.974868,1256.439388,1239.903907,1223.368426,1204.019219,1184.670011,1165.320804,1145.971597,1126.622389,1107.273182,1087.923974,1068.574767,1049.22556,1029.876352,1010.527145,991.1779375,971.8287301,952.4795227,933.1303154,913.781108,894.4319006,875.0826932,855.7334858,836.3842785
utility_solar_inbasin_rsCrsQ,fixed_per_kw_year,advanced,18.76,16.08,15.69364437,14.92977805,14.16591173,13.40204541,12.63817909,11.87431277,11.11044645,10.34658013,9.582713809,8.818847489,8.054981169,7.955307701,7.855634233,7.755960766,7.656287298,7.55661383,7.456940362,7.357266895,7.257593427,7.157919959,7.058246492,6.958573024,6.858899556,6.759226089,6.659552621,6.559879153,6.460205685,6.360532218,6.26085875,6.161185282,6.061511815
utility_solar_inbasin_rsCrsQ,fixed_per_kw_year,moderate,18.76,16.08,15.85184692,15.24618316,14.64051939,14.03485563,13.42919187,12.8235281,12.21786434,11.61220057,11.00653681,10.40087304,9.795209279,9.708197874,9.621186468,9.534175063,9.447163657,9.360152252,9.273140846,9.18612944,9.099118035,9.012106629,8.925095224,8.838083818,8.751072413,8.664061007,8.577049602,8.490038196,8.403026791,8.316015385,8.22900398,8.141992574,8.054981169
utility_solar_inbasin_rsCrsQ,fixed_per_kw_year,conservative,18.76,16.08,16.26385748,16.07020428,15.87655108,15.68289787,15.48924467,15.29559147,15.10193826,14.90828506,14.71463186,14.52097865,14.32732545,14.10071964,13.87411383,13.64750802,13.42090222,13.19429641,12.9676906,12.74108479,12.51447898,12.28787317,12.06126736,11.83466156,11.60805575,11.38144994,11.15484413,10.92823832,10.70163251,10.4750267,10.2484209,10.02181509,9.795209279
utility_solar_inbasin_rsCrsQ,variable_per_mwh,advanced,0,0,0,0,0,0,0,0,0,0,0,0,0,0,0,0,0,0,0,0,0,0,0,0,0,0,0,0,0,0,0,0,0
utility_solar_inbasin_rsCrsQ,variable_per_mwh,moderate,0,0,0,0,0,0,0,0,0,0,0,0,0,0,0,0,0,0,0,0,0,0,0,0,0,0,0,0,0,0,0,0,0
utility_solar_inbasin_rsCrsQ,variable_per_mwh,conservative,0,0,0,0,0,0,0,0,0,0,0,0,0,0,0,0,0,0,0,0,0,0,0,0,0,0,0,0,0,0,0,0,0
utility_solar_outofbasin,capex_per_kw,advanced,1599.901784,1405.258715,1340.034403,1274.810092,1209.58578,1144.361469,1079.137157,1013.912846,948.6885345,883.464223,818.2399116,753.0156001,687.7912887,679.2804627,670.7696367,662.2588108,653.7479848,645.2371589,636.7263329,628.215507,619.704681,611.1938551,602.6830291,594.1722032,585.6613772,577.1505512,568.6397253,560.1288993,551.6180734,543.1072474,534.5964215,526.0855955,517.5747696
utility_solar_outofbasin,capex_per_kw,moderate,1599.901784,1405.258715,1353.542857,1301.826999,1250.111141,1198.395283,1146.679426,1094.963568,1043.24771,991.531852,939.8159941,888.1001363,836.3842785,828.954629,821.5249795,814.09533,806.6656805,799.236031,791.8063815,784.376732,776.9470825,769.5174331,762.0877836,754.6581341,747.2284846,739.7988351,732.3691856,724.9395361,717.5098866,710.0802371,702.6505876,695.2209381,687.7912887
utility_solar_outofbasin,capex_per_kw,conservative,1599.901784,1405.258715,1388.723234,1372.187753,1355.652272,1339.116792,1322.581311,1306.04583,1289.510349,1272.974868,1256.439388,1239.903907,1223.368426,1204.019219,1184.670011,1165.320804,1145.971597,1126.622389,1107.273182,1087.923974,1068.574767,1049.22556,1029.876352,1010.527145,991.1779375,971.8287301,952.4795227,933.1303154,913.781108,894.4319006,875.0826932,855.7334858,836.3842785
utility_solar_outofbasin,fixed_per_kw_year,advanced,18.76,16.08,15.69364437,14.92977805,14.16591173,13.40204541,12.63817909,11.87431277,11.11044645,10.34658013,9.582713809,8.818847489,8.054981169,7.955307701,7.855634233,7.755960766,7.656287298,7.55661383,7.456940362,7.357266895,7.257593427,7.157919959,7.058246492,6.958573024,6.858899556,6.759226089,6.659552621,6.559879153,6.460205685,6.360532218,6.26085875,6.161185282,6.061511815
utility_solar_outofbasin,fixed_per_kw_year,moderate,18.76,16.08,15.85184692,15.24618316,14.64051939,14.03485563,13.42919187,12.8235281,12.21786434,11.61220057,11.00653681,10.40087304,9.795209279,9.708197874,9.621186468,9.534175063,9.447163657,9.360152252,9.273140846,9.18612944,9.099118035,9.012106629,8.925095224,8.838083818,8.751072413,8.664061007,8.577049602,8.490038196,8.403026791,8.316015385,8.22900398,8.141992574,8.054981169
utility_solar_outofbasin,fixed_per_kw_year,conservative,18.76,16.08,16.26385748,16.07020428,15.87655108,15.68289787,15.48924467,15.29559147,15.10193826,14.90828506,14.71463186,14.52097865,14.32732545,14.10071964,13.87411383,13.64750802,13.42090222,13.19429641,12.9676906,12.74108479,12.51447898,12.28787317,12.06126736,11.83466156,11.60805575,11.38144994,11.15484413,10.92823832,10.70163251,10.4750267,10.2484209,10.02181509,9.795209279
utility_solar_outofbasin,variable_per_mwh,advanced,0,0,0,0,0,0,0,0,0,0,0,0,0,0,0,0,0,0,0,0,0,0,0,0,0,0,0,0,0,0,0,0,0
utility_solar_outofbasin,variable_per_mwh,moderate,0,0,0,0,0,0,0,0,0,0,0,0,0,0,0,0,0,0,0,0,0,0,0,0,0,0,0,0,0,0,0,0,0
utility_solar_outofbasin,variable_per_mwh,conservative,0,0,0,0,0,0,0,0,0,0,0,0,0,0,0,0,0,0,0,0,0,0,0,0,0,0,0,0,0,0,0,0,0
commercial_solar,capex_per_kw,advanced,2052.102886,1812.523781,1720.098231,1627.672681,1535.247131,1442.821581,1350.396032,1257.970482,1165.544932,1073.119382,980.6938323,888.2682824,795.8427326,785.3689243,774.8951159,764.4213076,753.9474993,743.4736909,732.9998826,722.5260743,712.0522659,701.5784576,691.1046493,680.630841,670.1570326,659.6832243,649.209416,638.7356076,628.2617993,617.787991,607.3141826,596.8403743,586.366566
commercial_solar,capex_per_kw,moderate,2052.102886,1812.523781,1742.055167,1671.586554,1601.11794,1530.649327,1460.180714,1389.7121,1319.243487,1248.774873,1178.30626,1107.837646,1037.369033,1025.292718,1013.216403,1001.140088,989.0637729,976.9874579,964.9111429,952.8348279,940.7585128,928.6821978,916.6058828,904.5295678,892.4532528,880.3769377,868.3006227,856.2243077,844.1479927,832.0716777,819.9953626,807.9190476,795.8427326
commercial_solar,capex_per_kw,conservative,2052.102886,1812.523781,1794.212472,1775.901163,1757.589855,1739.278546,1720.967237,1702.655929,1684.34462,1666.033311,1647.722002,1629.410694,1611.099385,1582.412867,1553.72635,1525.039832,1496.353315,1467.666797,1438.980279,1410.293762,1381.607244,1352.920727,1324.234209,1295.547691,1266.861174,1238.174656,1209.488139,1180.801621,1152.115103,1123.428586,1094.742068,1066.055551,1037.369033
commercial_solar,fixed_per_kw_year,advanced,18,13,12.33311377,11.67042207,11.00773037,10.34503867,9.682346965,9.019655265,8.356963565,7.694271865,7.031580165,6.368888465,5.706196765,5.631099502,5.556002238,5.480904975,5.405807712,5.330710448,5.255613185,5.180515922,5.105418659,5.030321395,4.955224132,4.880126869,4.805029606,4.729932342,4.654835079,4.579737816,4.504640552,4.429543289,4.354446026,4.279348763,4.204251499
commercial_solar,fixed_per_kw_year,moderate,18,13,12.49054512,11.98528477,11.48002443,10.97476408,10.46950374,9.964243393,9.458983047,8.953722702,8.448462357,7.943202011,7.437941666,7.351354421,7.264767176,7.17817993,7.091592685,7.00500544,6.918418195,6.83183095,6.745243705,6.65865646,6.572069215,6.48548197,6.398894725,6.31230748,6.225720235,6.13913299,6.052545745,5.9659585,5.879371255,5.79278401,5.706196765
commercial_solar,fixed_per_kw_year,conservative,18,13,12.86451328,12.7332211,12.60192891,12.47063673,12.33934455,12.20805236,12.07676018,11.94546799,11.81417581,11.68288363,11.55159144,11.34590895,11.14022646,10.93454398,10.72886149,10.523179,10.31749651,10.11181402,9.906131531,9.700449043,9.494766554,9.289084065,9.083401576,8.877719087,8.672036598,8.46635411,8.260671621,8.054989132,7.849306643,7.643624154,7.437941666
commercial_solar,variable_per_mwh,advanced,0,0,0,0,0,0,0,0,0,0,0,0,0,0,0,0,0,0,0,0,0,0,0,0,0,0,0,0,0,0,0,0,0
commercial_solar,variable_per_mwh,moderate,0,0,0,0,0,0,0,0,0,0,0,0,0,0,0,0,0,0,0,0,0,0,0,0,0,0,0,0,0,0,0,0,0
commercial_solar,variable_per_mwh,conservative,0,0,0,0,0,0,0,0,0,0,0,0,0,0,0,0,0,0,0,0,0,0,0,0,0,0,0,0,0,0,0,0,0
residential_solar,capex_per_kw,advanced,3054.318209,2796.245071,2620.0098,2443.774528,2267.539256,2091.303985,1915.068713,1738.833441,1562.59817,1386.362898,1210.127627,1033.892355,857.6570834,844.8952753,832.1334672,819.371659,806.6098509,793.8480428,781.0862347,768.3244266,755.5626185,742.8008104,730.0390023,717.2771942,704.5153861,691.753578,678.9917699,666.2299618,653.4681537,640.7063456,627.9445375,615.1827294,602.4209213
residential_solar,capex_per_kw,moderate,3054.318209,2796.245071,2644.278663,2492.312255,2340.345847,2188.379439,2036.413031,1884.446623,1732.480214,1580.513806,1428.547398,1276.58099,1124.614582,1111.266707,1097.918832,1084.570957,1071.223082,1057.875207,1044.527332,1031.179457,1017.831583,1004.483708,991.1358327,977.7879578,964.4400828,951.0922079,937.744333,924.396458,911.0485831,897.7007082,884.3528332,871.0049583,857.6570834
residential_solar,capex_per_kw,conservative,3054.318209,2796.245071,2762.965387,2729.685704,2696.40602,2663.126336,2629.846652,2596.566969,2563.287285,2530.007601,2496.727917,2463.448234,2430.16855,2364.890852,2299.613153,2234.335455,2169.057756,2103.780058,2038.50236,1973.224661,1907.946963,1842.669264,1777.391566,1712.113868,1646.836169,1581.558471,1516.280772,1451.003074,1385.725376,1320.447677,1255.169979,1189.89228,1124.614582
residential_solar,fixed_per_kw_year,advanced,22,21,19.6500735,18.32830896,17.00654442,15.68477989,14.36301535,13.04125081,11.71948627,10.39772174,9.0759572,7.754192662,6.432428125,6.336714564,6.241001004,6.145287443,6.049573882,5.953860321,5.85814676,5.7624332,5.666719639,5.571006078,5.475292517,5.379578957,5.283865396,5.188151835,5.092438274,4.996724713,4.901011153,4.805297592,4.709584031,4.61387047,4.518156909
residential_solar,fixed_per_kw_year,moderate,22,21,19.83208997,18.69234191,17.55259385,16.41284579,15.27309773,14.13334967,12.99360161,11.85385355,10.71410549,9.574357426,8.434609365,8.334500303,8.234391241,8.134282179,8.034173117,7.934064055,7.833954993,7.733845931,7.633736869,7.533627807,7.433518745,7.333409683,7.233300621,7.133191559,7.033082497,6.932973435,6.832864373,6.732755311,6.632646249,6.532537187,6.432428125
residential_solar,fixed_per_kw_year,conservative,22,21,20.72224041,20.47264278,20.22304515,19.97344752,19.72384989,19.47425227,19.22465464,18.97505701,18.72545938,18.47586175,18.22626412,17.73668139,17.24709865,16.75751591,16.26793317,15.77835043,15.2887677,14.79918496,14.30960222,13.82001948,13.33043674,12.84085401,12.35127127,11.86168853,11.37210579,10.88252305,10.39294032,9.903357579,9.413774841,8.924192103,8.434609365
residential_solar,variable_per_mwh,advanced,0,0,0,0,0,0,0,0,0,0,0,0,0,0,0,0,0,0,0,0,0,0,0,0,0,0,0,0,0,0,0,0,0
residential_solar,variable_per_mwh,moderate,0,0,0,0,0,0,0,0,0,0,0,0,0,0,0,0,0,0,0,0,0,0,0,0,0,0,0,0,0,0,0,0,0
residential_solar,variable_per_mwh,conservative,0,0,0,0,0,0,0,0,0,0,0,0,0,0,0,0,0,0,0,0,0,0,0,0,0,0,0,0,0,0,0,0,0
storage_utility_4hr,capex_per_kw,advanced,1633.391336,1544,1202.56398,1117.921293,1033.278607,948.63592,863.9932334,779.3505469,736.9615905,694.5726342,652.1836779,609.7947215,567.4057652,556.304348,545.2029309,534.1015137,523.0000966,511.8986795,500.7972623,489.6958452,478.594428,467.4930109,456.3915937,445.2901766,434.1887594,423.0873423,411.9859252,400.884508,389.7830909,378.6816737,367.5802566,356.4788394,345.3774223
storage_utility_4hr,capex_per_kw,moderate,1633.391336,1544,1454.608664,1364.501655,1274.394646,1184.287637,1094.180628,1004.07362,966.7054826,929.3373455,891.9692084,854.6010713,817.2329342,807.0175226,796.8021109,786.5866992,776.3712875,766.1558758,755.9404642,745.7250525,735.5096408,725.2942291,715.0788175,704.8634058,694.6479941,684.4325824,674.2171707,664.0017591,653.7863474,643.5709357,633.355524,623.1401124,612.9247007
storage_utility_4hr,capex_per_kw,conservative,1633.391336,1544,1503.542246,1463.084492,1422.626738,1382.168984,1341.71123,1301.253476,1270.868877,1240.484278,1210.099679,1179.71508,1149.330481,1134.96385,1120.597219,1106.230588,1091.863957,1077.497326,1063.130695,1048.764064,1034.397433,1020.030802,1005.664171,991.2975401,976.9309091,962.5642781,948.1976471,933.831016,919.464385,905.097754,890.731123,876.364492,861.997861
storage_utility_2hr,capex_per_kw,advanced,962.6853082,910,708.7650398,658.8784823,608.9919248,559.1053673,509.2188099,459.3322524,434.349124,409.3659955,384.3828671,359.3997387,334.4166103,327.8736766,321.3307429,314.7878093,308.2448756,301.7019419,295.1590082,288.6160745,282.0731409,275.5302072,268.9872735,262.4443398,255.9014061,249.3584725,242.8155388,236.2726051,229.7296714,223.1867377,216.6438041,210.1008704,203.5579367
storage_utility_2hr,capex_per_kw,moderate,962.6853082,910,857.3146918,804.2075817,751.1004715,697.9933614,644.8862512,591.7791411,569.7551743,547.7312075,525.7072407,503.6832739,481.6593071,475.6385658,469.6178244,463.5970831,457.5763417,451.5556004,445.5348591,439.5141177,433.4933764,427.472635,421.4518937,415.4311524,409.410411,403.3896697,397.3689284,391.348187,385.3274457,379.3067043,373.285963,367.2652217,361.2444803
storage_utility_2hr,capex_per_kw,conservative,962.6853082,910,886.1550802,862.3101604,838.4652406,814.6203209,790.7754011,766.9304813,749.0224599,731.1144385,713.2064171,695.2983957,677.3903743,668.9229947,660.455615,651.9882353,643.5208556,635.0534759,626.5860963,618.1187166,609.6513369,601.1839572,592.7165775,584.2491979,575.7818182,567.3144385,558.8470588,550.3796791,541.9122995,533.4449198,524.9775401,516.5101604,508.0427807
storage_utility_6hr,capex_per_kw,advanced,2200,2079.599619,1619.722535,1505.718067,1391.713599,1277.709131,1163.704663,1049.700195,992.606893,935.5135916,878.4202902,821.3269887,764.2336873,749.281289,734.3288908,719.3764925,704.4240943,689.4716961,674.5192978,659.5668997,644.6145014,629.6621032,614.7097049,599.7573067,584.8049084,569.8525103,554.9001121,539.9477138,524.9953156,510.0429173,495.0905192,480.1381209,465.1857227
storage_utility_6hr,capex_per_kw,moderate,2200,2079.599619,1959.199238,1837.834923,1716.470609,1595.106294,1473.74198,1352.377667,1302.046861,1251.716055,1201.38525,1151.054444,1100.723639,1086.964594,1073.205548,1059.446503,1045.687457,1031.928412,1018.169366,1004.410321,990.6512751,976.8922296,963.1331842,949.3741387,935.6150932,921.8560477,908.0970021,894.3379568,880.5789112,866.8198657,853.0608202,839.3017748,825.5427293
storage_utility_6hr,capex_per_kw,conservative,2200,2079.599619,2025.107436,1970.615254,1916.123071,1861.630889,1807.138706,1752.646524,1711.721783,1670.797041,1629.8723,1588.947559,1548.022818,1528.672532,1509.322247,1489.971962,1470.621677,1451.271392,1431.921106,1412.570821,1393.220536,1373.870251,1354.519966,1335.169681,1315.819395,1296.46911,1277.118825,1257.76854,1238.418254,1219.067969,1199.717684,1180.367399,1161.017114
storage_utility_4hr,fixed_per_kw_year,advanced,40.8347834,38.6,30.06409949,27.94803233,25.83196516,23.715898,21.59983084,19.48376367,18.42403976,17.36431585,16.30459195,15.24486804,14.18514413,13.9076087,13.63007327,13.35253784,13.07500242,12.79746699,12.51993156,12.24239613,11.9648607,11.68732527,11.40978984,11.13225441,10.85471899,10.57718356,10.29964813,10.0221127,9.744577272,9.467041843,9.189506414,8.911970986,8.634435557
storage_utility_4hr,fixed_per_kw_year,moderate,40.8347834,38.6,36.3652166,34.11254138,31.85986616,29.60719093,27.35451571,25.10184049,24.16763706,23.23343364,22.29923021,21.36502678,20.43082336,20.17543806,19.92005277,19.66466748,19.40928219,19.1538969,18.8985116,18.64312631,18.38774102,18.13235573,17.87697044,17.62158514,17.36619985,17.11081456,16.85542927,16.60004398,16.34465868,16.08927339,15.8338881,15.57850281,15.32311752
storage_utility_4hr,fixed_per_kw_year,conservative,40.8347834,38.6,37.58855615,36.5771123,35.56566845,34.5542246,33.54278075,32.5313369,31.77172193,31.01210695,30.25249198,29.49287701,28.73326203,28.37409626,28.01493048,27.65576471,27.29659893,26.93743316,26.57826738,26.2191016,25.85993583,25.50077005,25.14160428,24.7824385,24.42327273,24.06410695,23.70494118,23.3457754,22.98660963,22.62744385,22.26827807,21.9091123,21.54994652
storage_utility_2hr,fixed_per_kw_year,advanced,40.8347834,38.6,30.06409949,27.94803233,25.83196516,23.715898,21.59983084,19.48376367,18.42403976,17.36431585,16.30459195,15.24486804,14.18514413,13.9076087,13.63007327,13.35253784,13.07500242,12.79746699,12.51993156,12.24239613,11.9648607,11.68732527,11.40978984,11.13225441,10.85471899,10.57718356,10.29964813,10.0221127,9.744577272,9.467041843,9.189506414,8.911970986,8.634435557
storage_utility_2hr,fixed_per_kw_year,moderate,40.8347834,38.6,36.3652166,34.11254138,31.85986616,29.60719093,27.35451571,25.10184049,24.16763706,23.23343364,22.29923021,21.36502678,20.43082336,20.17543806,19.92005277,19.66466748,19.40928219,19.1538969,18.8985116,18.64312631,18.38774102,18.13235573,17.87697044,17.62158514,17.36619985,17.11081456,16.85542927,16.60004398,16.34465868,16.08927339,15.8338881,15.57850281,15.32311752
storage_utility_2hr,fixed_per_kw_year,conservative,40.8347834,38.6,37.58855615,36.5771123,35.56566845,34.5542246,33.54278075,32.5313369,31.77172193,31.01210695,30.25249198,29.49287701,28.73326203,28.37409626,28.01493048,27.65576471,27.29659893,26.93743316,26.57826738,26.2191016,25.85993583,25.50077005,25.14160428,24.7824385,24.42327273,24.06410695,23.70494118,23.3457754,22.98660963,22.62744385,22.26827807,21.9091123,21.54994652
storage_utility_6hr,fixed_per_kw_year,advanced,40.8347834,38.6,30.06409949,27.94803233,25.83196516,23.715898,21.59983084,19.48376367,18.42403976,17.36431585,16.30459195,15.24486804,14.18514413,13.9076087,13.63007327,13.35253784,13.07500242,12.79746699,12.51993156,12.24239613,11.9648607,11.68732527,11.40978984,11.13225441,10.85471899,10.57718356,10.29964813,10.0221127,9.744577272,9.467041843,9.189506414,8.911970986,8.634435557
storage_utility_6hr,fixed_per_kw_year,moderate,40.8347834,38.6,36.3652166,34.11254138,31.85986616,29.60719093,27.35451571,25.10184049,24.16763706,23.23343364,22.29923021,21.36502678,20.43082336,20.17543806,19.92005277,19.66466748,19.40928219,19.1538969,18.8985116,18.64312631,18.38774102,18.13235573,17.87697044,17.62158514,17.36619985,17.11081456,16.85542927,16.60004398,16.34465868,16.08927339,15.8338881,15.57850281,15.32311752
storage_utility_6hr,fixed_per_kw_year,conservative,40.8347834,38.6,37.58855615,36.5771123,35.56566845,34.5542246,33.54278075,32.5313369,31.77172193,31.01210695,30.25249198,29.49287701,28.73326203,28.37409626,28.01493048,27.65576471,27.29659893,26.93743316,26.57826738,26.2191016,25.85993583,25.50077005,25.14160428,24.7824385,24.42327273,24.06410695,23.70494118,23.3457754,22.98660963,22.62744385,22.26827807,21.9091123,21.54994652
storage_utility_4hr,variable_per_mwh,advanced,0,0,0,0,0,0,0,0,0,0,0,0,0,0,0,0,0,0,0,0,0,0,0,0,0,0,0,0,0,0,0,0,0
storage_utility_4hr,variable_per_mwh,moderate,0,0,0,0,0,0,0,0,0,0,0,0,0,0,0,0,0,0,0,0,0,0,0,0,0,0,0,0,0,0,0,0,0
storage_utility_4hr,variable_per_mwh,conservative,0,0,0,0,0,0,0,0,0,0,0,0,0,0,0,0,0,0,0,0,0,0,0,0,0,0,0,0,0,0,0,0,0
storage_utility_2hr,variable_per_mwh,advanced,0,0,0,0,0,0,0,0,0,0,0,0,0,0,0,0,0,0,0,0,0,0,0,0,0,0,0,0,0,0,0,0,0
storage_utility_2hr,variable_per_mwh,moderate,0,0,0,0,0,0,0,0,0,0,0,0,0,0,0,0,0,0,0,0,0,0,0,0,0,0,0,0,0,0,0,0,0
storage_utility_2hr,variable_per_mwh,conservative,0,0,0,0,0,0,0,0,0,0,0,0,0,0,0,0,0,0,0,0,0,0,0,0,0,0,0,0,0,0,0,0,0
storage_utility_6hr,variable_per_mwh,advanced,0,0,0,0,0,0,0,0,0,0,0,0,0,0,0,0,0,0,0,0,0,0,0,0,0,0,0,0,0,0,0,0,0
storage_utility_6hr,variable_per_mwh,moderate,0,0,0,0,0,0,0,0,0,0,0,0,0,0,0,0,0,0,0,0,0,0,0,0,0,0,0,0,0,0,0,0,0
storage_utility_6hr,variable_per_mwh,conservative,0,0,0,0,0,0,0,0,0,0,0,0,0,0,0,0,0,0,0,0,0,0,0,0,0,0,0,0,0,0,0,0,0
gas_harbor,capex_per_kw,advanced,0,0,0,0,0,0,0,0,0,0,0,0,0,0,0,0,0,0,0,0,0,0,0,0,0,0,0,0,0,0,0,0,0
gas_harbor,capex_per_kw,moderate,0,0,0,0,0,0,0,0,0,0,0,0,0,0,0,0,0,0,0,0,0,0,0,0,0,0,0,0,0,0,0,0,0
gas_harbor,capex_per_kw,conservative,0,0,0,0,0,0,0,0,0,0,0,0,0,0,0,0,0,0,0,0,0,0,0,0,0,0,0,0,0,0,0,0,0
gas_harbor,fixed_per_kw_year,advanced,20.72,20.72,20.72,20.72,20.72,20.72,20.72,20.72,20.72,20.72,20.72,20.72,20.72,20.72,20.72,20.72,20.72,20.72,20.72,20.72,20.72,20.72,20.72,20.72,20.72,20.72,20.72,20.72,20.72,20.72,20.72,20.72,20.72
gas_harbor,fixed_per_kw_year,moderate,20.72,20.72,20.72,20.72,20.72,20.72,20.72,20.72,20.72,20.72,20.72,20.72,20.72,20.72,20.72,20.72,20.72,20.72,20.72,20.72,20.72,20.72,20.72,20.72,20.72,20.72,20.72,20.72,20.72,20.72,20.72,20.72,20.72
gas_harbor,fixed_per_kw_year,conservative,20.72,20.72,20.72,20.72,20.72,20.72,20.72,20.72,20.72,20.72,20.72,20.72,20.72,20.72,20.72,20.72,20.72,20.72,20.72,20.72,20.72,20.72,20.72,20.72,20.72,20.72,20.72,20.72,20.72,20.72,20.72,20.72,20.72
gas_harbor,variable_per_mwh,advanced,5.63,5.63,5.63,5.63,5.63,5.63,5.63,5.63,5.63,5.63,5.63,5.63,5.63,5.63,5.63,5.63,5.63,5.63,5.63,5.63,5.63,5.63,5.63,5.63,5.63,5.63,5.63,5.63,5.63,5.63,5.63,5.63,5.63
gas_harbor,variable_per_mwh,moderate,5.63,5.63,5.63,5.63,5.63,5.63,5.63,5.63,5.63,5.63,5.63,5.63,5.63,5.63,5.63,5.63,5.63,5.63,5.63,5.63,5.63,5.63,5.63,5.63,5.63,5.63,5.63,5.63,5.63,5.63,5.63,5.63,5.63
gas_harbor,variable_per_mwh,conservative,5.63,5.63,5.63,5.63,5.63,5.63,5.63,5.63,5.63,5.63,5.63,5.63,5.63,5.63,5.63,5.63,5.63,5.63,5.63,5.63,5.63,5.63,5.63,5.63,5.63,5.63,5.63,5.63,5.63,5.63,5.63,5.63,5.63
gas_harbor,fuel_costs_per_mmbtu,advanced,2.80824165,2.80824165,2.6043389,2.76747446,2.761818271,2.830696464,2.977101179,3.248724951,3.453934185,3.583047151,3.646863458,3.636278978,3.566907662,3.53435167,3.55911002,3.624749509,3.677520629,3.672337917,3.669430255,3.707327112,3.728062868,3.733790766,3.739814342,3.735955796,3.745098232,3.754679764,3.771070727,3.783829077,3.825990177,3.879633595,3.915163065,3.937715128,3.993376228
gas_harbor,fuel_costs_per_mmbtu,moderate,2.80824165,2.80824165,2.6043389,2.76747446,2.761818271,2.830696464,2.977101179,3.248724951,3.453934185,3.583047151,3.646863458,3.636278978,3.566907662,3.53435167,3.55911002,3.624749509,3.677520629,3.672337917,3.669430255,3.707327112,3.728062868,3.733790766,3.739814342,3.735955796,3.745098232,3.754679764,3.771070727,3.783829077,3.825990177,3.879633595,3.915163065,3.937715128,3.993376228
gas_harbor,fuel_costs_per_mmbtu,conservative,2.80824165,2.80824165,2.6043389,2.76747446,2.761818271,2.830696464,2.977101179,3.248724951,3.453934185,3.583047151,3.646863458,3.636278978,3.566907662,3.53435167,3.55911002,3.624749509,3.677520629,3.672337917,3.669430255,3.707327112,3.728062868,3.733790766,3.739814342,3.735955796,3.745098232,3.754679764,3.771070727,3.783829077,3.825990177,3.879633595,3.915163065,3.937715128,3.993376228
gas_harbor,heat_rate_mmbtu_per_mwh,advanced,10.87459,10.87459,10.87459,10.87459,10.87459,10.87459,10.87459,10.87459,10.87459,10.87459,10.87459,10.87459,10.87459,10.87459,10.87459,10.87459,10.87459,10.87459,10.87459,10.87459,10.87459,10.87459,10.87459,10.87459,10.87459,10.87459,10.87459,10.87459,10.87459,10.87459,10.87459,10.87459,10.87459
gas_harbor,heat_rate_mmbtu_per_mwh,moderate,10.87459,10.87459,10.87459,10.87459,10.87459,10.87459,10.87459,10.87459,10.87459,10.87459,10.87459,10.87459,10.87459,10.87459,10.87459,10.87459,10.87459,10.87459,10.87459,10.87459,10.87459,10.87459,10.87459,10.87459,10.87459,10.87459,10.87459,10.87459,10.87459,10.87459,10.87459,10.87459,10.87459
gas_harbor,heat_rate_mmbtu_per_mwh,conservative,10.87459,10.87459,10.87459,10.87459,10.87459,10.87459,10.87459,10.87459,10.87459,10.87459,10.87459,10.87459,10.87459,10.87459,10.87459,10.87459,10.87459,10.87459,10.87459,10.87459,10.87459,10.87459,10.87459,10.87459,10.87459,10.87459,10.87459,10.87459,10.87459,10.87459,10.87459,10.87459,10.87459
storage_residentialSF_4hr,capex_per_kw,advanced,1633.391336,1544,1202.56398,1117.921293,1033.278607,948.63592,863.9932334,779.3505469,736.9615905,694.5726342,652.1836779,609.7947215,567.4057652,556.304348,545.2029309,534.1015137,523.0000966,511.8986795,500.7972623,489.6958452,478.594428,467.4930109,456.3915937,445.2901766,434.1887594,423.0873423,411.9859252,400.884508,389.7830909,378.6816737,367.5802566,356.4788394,345.3774223
storage_residentialSF_4hr,capex_per_kw,moderate,1633.391336,1544,1454.608664,1364.501655,1274.394646,1184.287637,1094.180628,1004.07362,966.7054826,929.3373455,891.9692084,854.6010713,817.2329342,807.0175226,796.8021109,786.5866992,776.3712875,766.1558758,755.9404642,745.7250525,735.5096408,725.2942291,715.0788175,704.8634058,694.6479941,684.4325824,674.2171707,664.0017591,653.7863474,643.5709357,633.355524,623.1401124,612.9247007
storage_residentialSF_4hr,capex_per_kw,conservative,1633.391336,1544,1503.542246,1463.084492,1422.626738,1382.168984,1341.71123,1301.253476,1270.868877,1240.484278,1210.099679,1179.71508,1149.330481,1134.96385,1120.597219,1106.230588,1091.863957,1077.497326,1063.130695,1048.764064,1034.397433,1020.030802,1005.664171,991.2975401,976.9309091,962.5642781,948.1976471,933.831016,919.464385,905.097754,890.731123,876.364492,861.997861
storage_residentialSF_4hr,fixed_per_kw_year,advanced,40.8347834,38.6,30.06409949,27.94803233,25.83196516,23.715898,21.59983084,19.48376367,18.42403976,17.36431585,16.30459195,15.24486804,14.18514413,13.9076087,13.63007327,13.35253784,13.07500242,12.79746699,12.51993156,12.24239613,11.9648607,11.68732527,11.40978984,11.13225441,10.85471899,10.57718356,10.29964813,10.0221127,9.744577272,9.467041843,9.189506414,8.911970986,8.634435557
storage_residentialSF_4hr,fixed_per_kw_year,moderate,40.8347834,38.6,36.3652166,34.11254138,31.85986616,29.60719093,27.35451571,25.10184049,24.16763706,23.23343364,22.29923021,21.36502678,20.43082336,20.17543806,19.92005277,19.66466748,19.40928219,19.1538969,18.8985116,18.64312631,18.38774102,18.13235573,17.87697044,17.62158514,17.36619985,17.11081456,16.85542927,16.60004398,16.34465868,16.08927339,15.8338881,15.57850281,15.32311752
storage_residentialSF_4hr,fixed_per_kw_year,conservative,40.8347834,38.6,37.58855615,36.5771123,35.56566845,34.5542246,33.54278075,32.5313369,31.77172193,31.01210695,30.25249198,29.49287701,28.73326203,28.37409626,28.01493048,27.65576471,27.29659893,26.93743316,26.57826738,26.2191016,25.85993583,25.50077005,25.14160428,24.7824385,24.42327273,24.06410695,23.70494118,23.3457754,22.98660963,22.62744385,22.26827807,21.9091123,21.54994652
storage_residentialSF_4hr,variable_per_mwh,advanced,0,0,0,0,0,0,0,0,0,0,0,0,0,0,0,0,0,0,0,0,0,0,0,0,0,0,0,0,0,0,0,0,0
storage_residentialSF_4hr,variable_per_mwh,moderate,0,0,0,0,0,0,0,0,0,0,0,0,0,0,0,0,0,0,0,0,0,0,0,0,0,0,0,0,0,0,0,0,0
storage_residentialSF_4hr,variable_per_mwh,conservative,0,0,0,0,0,0,0,0,0,0,0,0,0,0,0,0,0,0,0,0,0,0,0,0,0,0,0,0,0,0,0,0,0
storage_residentialMF_4hr,capex_per_kw,advanced,1633.391336,1544,1202.56398,1117.921293,1033.278607,948.63592,863.9932334,779.3505469,736.9615905,694.5726342,652.1836779,609.7947215,567.4057652,556.304348,545.2029309,534.1015137,523.0000966,511.8986795,500.7972623,489.6958452,478.594428,467.4930109,456.3915937,445.2901766,434.1887594,423.0873423,411.9859252,400.884508,389.7830909,378.6816737,367.5802566,356.4788394,345.3774223
storage_residentialMF_4hr,capex_per_kw,moderate,1633.391336,1544,1454.608664,1364.501655,1274.394646,1184.287637,1094.180628,1004.07362,966.7054826,929.3373455,891.9692084,854.6010713,817.2329342,807.0175226,796.8021109,786.5866992,776.3712875,766.1558758,755.9404642,745.7250525,735.5096408,725.2942291,715.0788175,704.8634058,694.6479941,684.4325824,674.2171707,664.0017591,653.7863474,643.5709357,633.355524,623.1401124,612.9247007
storage_residentialMF_4hr,capex_per_kw,conservative,1633.391336,1544,1503.542246,1463.084492,1422.626738,1382.168984,1341.71123,1301.253476,1270.868877,1240.484278,1210.099679,1179.71508,1149.330481,1134.96385,1120.597219,1106.230588,1091.863957,1077.497326,1063.130695,1048.764064,1034.397433,1020.030802,1005.664171,991.2975401,976.9309091,962.5642781,948.1976471,933.831016,919.464385,905.097754,890.731123,876.364492,861.997861
storage_residentialMF_4hr,fixed_per_kw_year,advanced,40.8347834,38.6,30.06409949,27.94803233,25.83196516,23.715898,21.59983084,19.48376367,18.42403976,17.36431585,16.30459195,15.24486804,14.18514413,13.9076087,13.63007327,13.35253784,13.07500242,12.79746699,12.51993156,12.24239613,11.9648607,11.68732527,11.40978984,11.13225441,10.85471899,10.57718356,10.29964813,10.0221127,9.744577272,9.467041843,9.189506414,8.911970986,8.634435557
storage_residentialMF_4hr,fixed_per_kw_year,moderate,40.8347834,38.6,36.3652166,34.11254138,31.85986616,29.60719093,27.35451571,25.10184049,24.16763706,23.23343364,22.29923021,21.36502678,20.43082336,20.17543806,19.92005277,19.66466748,19.40928219,19.1538969,18.8985116,18.64312631,18.38774102,18.13235573,17.87697044,17.62158514,17.36619985,17.11081456,16.85542927,16.60004398,16.34465868,16.08927339,15.8338881,15.57850281,15.32311752
storage_residentialMF_4hr,fixed_per_kw_year,conservative,40.8347834,38.6,37.58855615,36.5771123,35.56566845,34.5542246,33.54278075,32.5313369,31.77172193,31.01210695,30.25249198,29.49287701,28.73326203,28.37409626,28.01493048,27.65576471,27.29659893,26.93743316,26.57826738,26.2191016,25.85993583,25.50077005,25.14160428,24.7824385,24.42327273,24.06410695,23.70494118,23.3457754,22.98660963,22.62744385,22.26827807,21.9091123,21.54994652
storage_residentialMF_4hr,variable_per_mwh,advanced,0,0,0,0,0,0,0,0,0,0,0,0,0,0,0,0,0,0,0,0,0,0,0,0,0,0,0,0,0,0,0,0,0
storage_residentialMF_4hr,variable_per_mwh,moderate,0,0,0,0,0,0,0,0,0,0,0,0,0,0,0,0,0,0,0,0,0,0,0,0,0,0,0,0,0,0,0,0,0
storage_residentialMF_4hr,variable_per_mwh,conservative,0,0,0,0,0,0,0,0,0,0,0,0,0,0,0,0,0,0,0,0,0,0,0,0,0,0,0,0,0,0,0,0,0
storage_ci_4hr,capex_per_kw,advanced,1633.391336,1544,1202.56398,1117.921293,1033.278607,948.63592,863.9932334,779.3505469,736.9615905,694.5726342,652.1836779,609.7947215,567.4057652,556.304348,545.2029309,534.1015137,523.0000966,511.8986795,500.7972623,489.6958452,478.594428,467.4930109,456.3915937,445.2901766,434.1887594,423.0873423,411.9859252,400.884508,389.7830909,378.6816737,367.5802566,356.4788394,345.3774223
storage_ci_4hr,capex_per_kw,moderate,1633.391336,1544,1454.608664,1364.501655,1274.394646,1184.287637,1094.180628,1004.07362,966.7054826,929.3373455,891.9692084,854.6010713,817.2329342,807.0175226,796.8021109,786.5866992,776.3712875,766.1558758,755.9404642,745.7250525,735.5096408,725.2942291,715.0788175,704.8634058,694.6479941,684.4325824,674.2171707,664.0017591,653.7863474,643.5709357,633.355524,623.1401124,612.9247007
storage_ci_4hr,capex_per_kw,conservative,1633.391336,1544,1503.542246,1463.084492,1422.626738,1382.168984,1341.71123,1301.253476,1270.868877,1240.484278,1210.099679,1179.71508,1149.330481,1134.96385,1120.597219,1106.230588,1091.863957,1077.497326,1063.130695,1048.764064,1034.397433,1020.030802,1005.664171,991.2975401,976.9309091,962.5642781,948.1976471,933.831016,919.464385,905.097754,890.731123,876.364492,861.997861
storage_ci_4hr,fixed_per_kw_year,advanced,40.8347834,38.6,30.06409949,27.94803233,25.83196516,23.715898,21.59983084,19.48376367,18.42403976,17.36431585,16.30459195,15.24486804,14.18514413,13.9076087,13.63007327,13.35253784,13.07500242,12.79746699,12.51993156,12.24239613,11.9648607,11.68732527,11.40978984,11.13225441,10.85471899,10.57718356,10.29964813,10.0221127,9.744577272,9.467041843,9.189506414,8.911970986,8.634435557
storage_ci_4hr,fixed_per_kw_year,moderate,40.8347834,38.6,36.3652166,34.11254138,31.85986616,29.60719093,27.35451571,25.10184049,24.16763706,23.23343364,22.29923021,21.36502678,20.43082336,20.17543806,19.92005277,19.66466748,19.40928219,19.1538969,18.8985116,18.64312631,18.38774102,18.13235573,17.87697044,17.62158514,17.36619985,17.11081456,16.85542927,16.60004398,16.34465868,16.08927339,15.8338881,15.57850281,15.32311752
storage_ci_4hr,fixed_per_kw_year,conservative,40.8347834,38.6,37.58855615,36.5771123,35.56566845,34.5542246,33.54278075,32.5313369,31.77172193,31.01210695,30.25249198,29.49287701,28.73326203,28.37409626,28.01493048,27.65576471,27.29659893,26.93743316,26.57826738,26.2191016,25.85993583,25.50077005,25.14160428,24.7824385,24.42327273,24.06410695,23.70494118,23.3457754,22.98660963,22.62744385,22.26827807,21.9091123,21.54994652
storage_ci_4hr,variable_per_mwh,advanced,0,0,0,0,0,0,0,0,0,0,0,0,0,0,0,0,0,0,0,0,0,0,0,0,0,0,0,0,0,0,0,0,0
storage_ci_4hr,variable_per_mwh,moderate,0,0,0,0,0,0,0,0,0,0,0,0,0,0,0,0,0,0,0,0,0,0,0,0,0,0,0,0,0,0,0,0,0
storage_ci_4hr,variable_per_mwh,conservative,0,0,0,0,0,0,0,0,0,0,0,0,0,0,0,0,0,0,0,0,0,0,0,0,0,0,0,0,0,0,0,0,0
diesel_genset_replacement_storage_4hr,capex_per_kw,advanced,1633.391336,1544,1202.56398,1117.921293,1033.278607,948.63592,863.9932334,779.3505469,736.9615905,694.5726342,652.1836779,609.7947215,567.4057652,556.304348,545.2029309,534.1015137,523.0000966,511.8986795,500.7972623,489.6958452,478.594428,467.4930109,456.3915937,445.2901766,434.1887594,423.0873423,411.9859252,400.884508,389.7830909,378.6816737,367.5802566,356.4788394,345.3774223
diesel_genset_replacement_storage_4hr,capex_per_kw,moderate,1633.391336,1544,1454.608664,1364.501655,1274.394646,1184.287637,1094.180628,1004.07362,966.7054826,929.3373455,891.9692084,854.6010713,817.2329342,807.0175226,796.8021109,786.5866992,776.3712875,766.1558758,755.9404642,745.7250525,735.5096408,725.2942291,715.0788175,704.8634058,694.6479941,684.4325824,674.2171707,664.0017591,653.7863474,643.5709357,633.355524,623.1401124,612.9247007
diesel_genset_replacement_storage_4hr,capex_per_kw,conservative,1633.391336,1544,1503.542246,1463.084492,1422.626738,1382.168984,1341.71123,1301.253476,1270.868877,1240.484278,1210.099679,1179.71508,1149.330481,1134.96385,1120.597219,1106.230588,1091.863957,1077.497326,1063.130695,1048.764064,1034.397433,1020.030802,1005.664171,991.2975401,976.9309091,962.5642781,948.1976471,933.831016,919.464385,905.097754,890.731123,876.364492,861.997861
diesel_genset_replacement_storage_4hr,fixed_per_kw_year,advanced,40.8347834,38.6,30.06409949,27.94803233,25.83196516,23.715898,21.59983084,19.48376367,18.42403976,17.36431585,16.30459195,15.24486804,14.18514413,13.9076087,13.63007327,13.35253784,13.07500242,12.79746699,12.51993156,12.24239613,11.9648607,11.68732527,11.40978984,11.13225441,10.85471899,10.57718356,10.29964813,10.0221127,9.744577272,9.467041843,9.189506414,8.911970986,8.634435557
diesel_genset_replacement_storage_4hr,fixed_per_kw_year,moderate,40.8347834,38.6,36.3652166,34.11254138,31.85986616,29.60719093,27.35451571,25.10184049,24.16763706,23.23343364,22.29923021,21.36502678,20.43082336,20.17543806,19.92005277,19.66466748,19.40928219,19.1538969,18.8985116,18.64312631,18.38774102,18.13235573,17.87697044,17.62158514,17.36619985,17.11081456,16.85542927,16.60004398,16.34465868,16.08927339,15.8338881,15.57850281,15.32311752
diesel_genset_replacement_storage_4hr,fixed_per_kw_year,conservative,40.8347834,38.6,37.58855615,36.5771123,35.56566845,34.5542246,33.54278075,32.5313369,31.77172193,31.01210695,30.25249198,29.49287701,28.73326203,28.37409626,28.01493048,27.65576471,27.29659893,26.93743316,26.57826738,26.2191016,25.85993583,25.50077005,25.14160428,24.7824385,24.42327273,24.06410695,23.70494118,23.3457754,22.98660963,22.62744385,22.26827807,21.9091123,21.54994652
diesel_genset_replacement_storage_4hr,variable_per_mwh,advanced,0,0,0,0,0,0,0,0,0,0,0,0,0,0,0,0,0,0,0,0,0,0,0,0,0,0,0,0,0,0,0,0,0
diesel_genset_replacement_storage_4hr,variable_per_mwh,moderate,0,0,0,0,0,0,0,0,0,0,0,0,0,0,0,0,0,0,0,0,0,0,0,0,0,0,0,0,0,0,0,0,0
diesel_genset_replacement_storage_4hr,variable_per_mwh,conservative,0,0,0,0,0,0,0,0,0,0,0,0,0,0,0,0,0,0,0,0,0,0,0,0,0,0,0,0,0,0,0,0,0
FCZ7.Commercial.Office.Cooking,capex_per_kw,moderate,2543.808077,2543.808077,2543.808077,2543.808077,2543.808077,2433.207726,2322.607375,2248.873808,2175.14024,2064.539889,1990.806321,1880.20597,1806.472403,1732.738835,1695.872052,1585.2717,1548.404917,1511.538133,1474.671349,1327.204214,1327.204214,1327.204214,1327.204214,1327.204214,1327.204214,1327.204214,1327.204214,1327.204214,1327.204214,1327.204214,1327.204214,1327.204214,1327.204214
FCZ7.Commercial.Office.Cooling,capex_per_kw,moderate,2243.261916,2243.261916,2243.261916,2243.261916,2243.261916,2103.058046,2103.058046,2138.109014,2173.159981,2103.058046,2050.481595,2050.481595,2032.956111,2015.430628,2032.956111,2050.481595,2103.058046,2190.685465,2313.363851,2400.991269,2576.246107,2769.026428,2961.806748,3189.638037,3189.638037,3189.638037,3189.638037,3189.638037,3189.638037,3189.638037,3189.638037,3189.638037,3189.638037
FCZ7.Commercial.Office.DaylightingEff,capex_per_kw,moderate,3757.498878,3757.498878,3757.498878,3757.498878,3757.498878,3791.047975,3824.597072,3925.244363,3992.342558,4025.891655,4059.440752,2885.222353,2348.436799,2113.593119,2180.691313,2482.633187,2751.025964,2885.222353,2985.869644,3019.418741,3086.516935,3086.516935,3120.066032,3120.066032,3120.066032,3120.066032,3120.066032,3120.066032,3120.066032,3120.066032,3120.066032,3120.066032,3120.066032
FCZ7.Commercial.Office.EconomizerEff,capex_per_kw,moderate,6610.431412,6610.431412,6610.431412,6610.431412,6610.431412,6197.279449,6197.279449,6300.56744,6403.85543,6197.279449,6042.347463,6042.347463,5990.703467,5939.059472,5990.703467,6042.347463,6197.279449,6455.499426,6817.007394,7075.227371,7591.667325,8159.751274,8727.835224,9399.207164,9399.207164,9399.207164,9399.207164,9399.207164,9399.207164,9399.207164,9399.207164,9399.207164,9399.207164
FCZ7.Commercial.Office.Heating,capex_per_kw,moderate,1469.687337,1469.687337,1469.687337,1469.687337,1469.687337,1459.151944,1448.616551,1438.081158,1448.616551,1453.884247,1459.151944,1464.419641,1469.687337,1464.419641,1459.151944,1443.348854,1417.010372,1390.671889,1343.26262,1316.924137,1258.979475,1206.30251,1158.893241,890.2407167,890.2407167,890.2407167,890.2407167,890.2407167,890.2407167,890.2407167,890.2407167,890.2407167,890.2407167
FCZ7.Commercial.Office.IndoorLightingEff,capex_per_kw,moderate,5922.657112,5922.657112,5922.657112,5922.657112,5922.657112,5975.537979,6028.418846,6187.061447,6292.823181,6345.704048,6398.584915,4547.754568,3701.660695,3331.494625,3437.256359,3913.184163,4336.2311,4547.754568,4706.397169,4759.278036,4865.03977,4865.03977,4917.920637,4917.920637,4917.920637,4917.920637,4917.920637,4917.920637,4917.920637,4917.920637,4917.920637,4917.920637,4917.920637
FCZ7.Commercial.Office.OfficeEquipment,capex_per_kw,moderate,1498.519605,1498.519605,1498.519605,1498.519605,1498.519605,1498.519605,1498.519605,1498.519605,1498.519605,1498.519605,1498.519605,1552.038162,1766.112391,1766.112391,1766.112391,1766.112391,1766.112391,1766.112391,1766.112391,1766.112391,1766.112391,1766.112391,1766.112391,1766.112391,1766.112391,1766.112391,1766.112391,1766.112391,1766.112391,1766.112391,1766.112391,1766.112391,1766.112391
FCZ7.Commercial.Office.OutdoorLighting,capex_per_kw,moderate,5041.477505,5041.477505,5041.477505,5041.477505,5041.477505,5041.477505,5041.477505,5041.477505,5041.477505,5041.477505,5041.477505,5119.639947,5744.939483,5744.939483,5744.939483,5744.939483,5744.939483,5744.939483,5744.939483,5744.939483,5744.939483,5744.939483,5744.939483,5744.939483,5744.939483,5744.939483,5744.939483,5744.939483,5744.939483,5744.939483,5744.939483,5744.939483,5744.939483
FCZ7.Commercial.Office.Refrigeration,capex_per_kw,moderate,1758.006018,1758.006018,1758.006018,1758.006018,1758.006018,1758.006018,1904.50652,2051.007022,2197.507523,2490.508526,2856.75978,5347.268306,5420.518557,5420.518557,5420.518557,5420.518557,5420.518557,5420.518557,5420.518557,5420.518557,5347.268306,5347.268306,5274.018055,5274.018055,5274.018055,5274.018055,5274.018055,5274.018055,5274.018055,5274.018055,5274.018055,5274.018055,5274.018055
FCZ7.Commercial.Office.Ventilation,capex_per_kw,moderate,749.3445472,749.3445472,749.3445472,749.3445472,749.3445472,749.3445472,749.3445472,749.3445472,749.3445472,749.3445472,749.3445472,749.3445472,749.3445472,749.3445472,749.3445472,749.3445472,749.3445472,749.3445472,749.3445472,749.3445472,749.3445472,749.3445472,749.3445472,749.3445472,749.3445472,749.3445472,749.3445472,749.3445472,749.3445472,749.3445472,749.3445472,749.3445472,749.3445472
FCZ7.Commercial.Office.WaterHeating,capex_per_kw,moderate,11654.81809,11654.81809,11654.81809,11654.81809,11654.81809,11654.81809,11654.81809,11654.81809,11654.81809,11594.43044,11594.43044,11594.43044,11594.43044,11594.43044,11594.43044,11594.43044,11594.43044,11594.43044,11654.81809,11654.81809,11654.81809,11654.81809,11654.81809,11654.81809,11654.81809,11654.81809,11654.81809,11654.81809,11654.81809,11654.81809,11654.81809,11654.81809,11654.81809
FCZ7.Residential.SINGLEFAMILY.CoolingEff,capex_per_kw,moderate,683.7653247,683.7653247,683.7653247,683.7653247,683.7653247,683.7653247,678.8461497,669.0077997,659.1694497,791.9871746,791.9871746,787.0679996,772.3104746,762.4721246,929.7240746,919.8857246,919.8857246,905.1281996,895.2898496,978.9158245,959.2391245,919.8857246,870.6939746,826.4213996,826.4213996,826.4213996,826.4213996,826.4213996,826.4213996,826.4213996,826.4213996,826.4213996,826.4213996
FCZ7.Residential.SINGLEFAMILY.Dryer,capex_per_kw,moderate,7100.660084,7100.660084,7100.660084,7100.660084,7100.660084,7134.96279,7134.96279,7100.660084,7100.660084,7066.357378,7066.357378,7032.054673,6997.751967,6929.146556,7134.96279,6929.146556,6929.146556,6963.449261,6826.238438,6826.238438,6894.84385,6894.84385,6860.541144,6860.541144,6860.541144,6860.541144,6860.541144,6860.541144,6860.541144,6860.541144,6860.541144,6860.541144,6860.541144
FCZ7.Residential.SINGLEFAMILY.Heating,capex_per_kw,moderate,895.5152505,895.5152505,895.5152505,895.5152505,895.5152505,945.2660977,1002.124209,1080.304112,1165.591278,1236.663917,1293.522028,1329.058348,1364.594667,1371.701931,1407.238251,1080.304112,1058.98232,1044.767792,1023.446001,1016.338737,1002.124209,987.9096811,909.7297782,859.978931,859.978931,859.978931,859.978931,859.978931,859.978931,859.978931,859.978931,859.978931,859.978931
FCZ7.Residential.SINGLEFAMILY.Refrigerator,capex_per_kw,moderate,11985.87862,11985.87862,11985.87862,11985.87862,11985.87862,12043.78141,12043.78141,11985.87862,11985.87862,11927.97582,11927.97582,11870.07303,11812.17023,11696.36464,12043.78141,11696.36464,11696.36464,11754.26744,11522.65626,11522.65626,11638.46185,11638.46185,11580.55905,11580.55905,11580.55905,11580.55905,11580.55905,11580.55905,11580.55905,11580.55905,11580.55905,11580.55905,11580.55905
FCZ7.Residential.SINGLEFAMILY.ResLightingEff,capex_per_kw,moderate,2889.307601,2889.307601,2889.307601,2889.307601,2889.307601,2874.337095,2724.632038,4940.266882,5015.119411,5554.057616,5718.733179,5104.942445,4116.889068,4371.387665,3248.599738,3293.511255,3323.452266,3338.422772,3383.334289,2904.278106,2889.307601,2874.337095,2889.307601,2889.307601,2889.307601,2889.307601,2889.307601,2889.307601,2889.307601,2889.307601,2889.307601,2889.307601,2889.307601
FCZ7.Residential.SINGLEFAMILY.Washer,capex_per_kw,moderate,5062.594975,5062.594975,5062.594975,5062.594975,5062.594975,5087.051956,5087.051956,5062.594975,5062.594975,5038.137995,5038.137995,5013.681014,4989.224033,4940.310072,5087.051956,4940.310072,4940.310072,4964.767053,4866.939131,4866.939131,4915.853092,4915.853092,4891.396111,4891.396111,4891.396111,4891.396111,4891.396111,4891.396111,4891.396111,4891.396111,4891.396111,4891.396111,4891.396111
FCZ7.Residential.SINGLEFAMILY.WaterHeating,capex_per_kw,moderate,14103.6,14103.6,14103.6,14103.6,14103.6,14366.4,14629.2,14804.4,15067.2,15680.4,15855.6,16118.4,16293.6,16381.2,16293.6,16381.2,16381.2,16468.8,16468.8,16906.8,16906.8,16906.8,16906.8,16819.2,16819.2,16819.2,16819.2,16819.2,16819.2,16819.2,16819.2,16819.2,16819.2
FCZ7.Commercial.Office.Cooking,fixed_per_kw_year,moderate,0,0,0,0,0,0,0,0,0,0,0,0,0,0,0,0,0,0,0,0,0,0,0,0,0,0,0,0,0,0,0,0,0
FCZ7.Commercial.Office.Cooling,fixed_per_kw_year,moderate,0,0,0,0,0,0,0,0,0,0,0,0,0,0,0,0,0,0,0,0,0,0,0,0,0,0,0,0,0,0,0,0,0
FCZ7.Commercial.Office.DaylightingEff,fixed_per_kw_year,moderate,0,0,0,0,0,0,0,0,0,0,0,0,0,0,0,0,0,0,0,0,0,0,0,0,0,0,0,0,0,0,0,0,0
FCZ7.Commercial.Office.EconomizerEff,fixed_per_kw_year,moderate,0,0,0,0,0,0,0,0,0,0,0,0,0,0,0,0,0,0,0,0,0,0,0,0,0,0,0,0,0,0,0,0,0
FCZ7.Commercial.Office.Heating,fixed_per_kw_year,moderate,0,0,0,0,0,0,0,0,0,0,0,0,0,0,0,0,0,0,0,0,0,0,0,0,0,0,0,0,0,0,0,0,0
FCZ7.Commercial.Office.IndoorLightingEff,fixed_per_kw_year,moderate,0,0,0,0,0,0,0,0,0,0,0,0,0,0,0,0,0,0,0,0,0,0,0,0,0,0,0,0,0,0,0,0,0
FCZ7.Commercial.Office.OfficeEquipment,fixed_per_kw_year,moderate,0,0,0,0,0,0,0,0,0,0,0,0,0,0,0,0,0,0,0,0,0,0,0,0,0,0,0,0,0,0,0,0,0
FCZ7.Commercial.Office.OutdoorLighting,fixed_per_kw_year,moderate,0,0,0,0,0,0,0,0,0,0,0,0,0,0,0,0,0,0,0,0,0,0,0,0,0,0,0,0,0,0,0,0,0
FCZ7.Commercial.Office.Refrigeration,fixed_per_kw_year,moderate,0,0,0,0,0,0,0,0,0,0,0,0,0,0,0,0,0,0,0,0,0,0,0,0,0,0,0,0,0,0,0,0,0
FCZ7.Commercial.Office.Ventilation,fixed_per_kw_year,moderate,0,0,0,0,0,0,0,0,0,0,0,0,0,0,0,0,0,0,0,0,0,0,0,0,0,0,0,0,0,0,0,0,0
FCZ7.Commercial.Office.WaterHeating,fixed_per_kw_year,moderate,0,0,0,0,0,0,0,0,0,0,0,0,0,0,0,0,0,0,0,0,0,0,0,0,0,0,0,0,0,0,0,0,0
FCZ7.Residential.SINGLEFAMILY.CoolingEff,fixed_per_kw_year,moderate,0,0,0,0,0,0,0,0,0,0,0,0,0,0,0,0,0,0,0,0,0,0,0,0,0,0,0,0,0,0,0,0,0
FCZ7.Residential.SINGLEFAMILY.Dryer,fixed_per_kw_year,moderate,0,0,0,0,0,0,0,0,0,0,0,0,0,0,0,0,0,0,0,0,0,0,0,0,0,0,0,0,0,0,0,0,0
FCZ7.Residential.SINGLEFAMILY.Heating,fixed_per_kw_year,moderate,0,0,0,0,0,0,0,0,0,0,0,0,0,0,0,0,0,0,0,0,0,0,0,0,0,0,0,0,0,0,0,0,0
FCZ7.Residential.SINGLEFAMILY.Refrigerator,fixed_per_kw_year,moderate,0,0,0,0,0,0,0,0,0,0,0,0,0,0,0,0,0,0,0,0,0,0,0,0,0,0,0,0,0,0,0,0,0
FCZ7.Residential.SINGLEFAMILY.ResLightingEff,fixed_per_kw_year,moderate,0,0,0,0,0,0,0,0,0,0,0,0,0,0,0,0,0,0,0,0,0,0,0,0,0,0,0,0,0,0,0,0,0
FCZ7.Residential.SINGLEFAMILY.Washer,fixed_per_kw_year,moderate,0,0,0,0,0,0,0,0,0,0,0,0,0,0,0,0,0,0,0,0,0,0,0,0,0,0,0,0,0,0,0,0,0
FCZ7.Residential.SINGLEFAMILY.WaterHeating,fixed_per_kw_year,moderate,0,0,0,0,0,0,0,0,0,0,0,0,0,0,0,0,0,0,0,0,0,0,0,0,0,0,0,0,0,0,0,0,0
FCZ7.Commercial.Office.Cooking,variable_per_mwh,moderate,0,0,0,0,0,0,0,0,0,0,0,0,0,0,0,0,0,0,0,0,0,0,0,0,0,0,0,0,0,0,0,0,0
FCZ7.Commercial.Office.Cooling,variable_per_mwh,moderate,0,0,0,0,0,0,0,0,0,0,0,0,0,0,0,0,0,0,0,0,0,0,0,0,0,0,0,0,0,0,0,0,0
FCZ7.Commercial.Office.DaylightingEff,variable_per_mwh,moderate,0,0,0,0,0,0,0,0,0,0,0,0,0,0,0,0,0,0,0,0,0,0,0,0,0,0,0,0,0,0,0,0,0
FCZ7.Commercial.Office.EconomizerEff,variable_per_mwh,moderate,0,0,0,0,0,0,0,0,0,0,0,0,0,0,0,0,0,0,0,0,0,0,0,0,0,0,0,0,0,0,0,0,0
FCZ7.Commercial.Office.Heating,variable_per_mwh,moderate,0,0,0,0,0,0,0,0,0,0,0,0,0,0,0,0,0,0,0,0,0,0,0,0,0,0,0,0,0,0,0,0,0
FCZ7.Commercial.Office.IndoorLightingEff,variable_per_mwh,moderate,0,0,0,0,0,0,0,0,0,0,0,0,0,0,0,0,0,0,0,0,0,0,0,0,0,0,0,0,0,0,0,0,0
FCZ7.Commercial.Office.OfficeEquipment,variable_per_mwh,moderate,0,0,0,0,0,0,0,0,0,0,0,0,0,0,0,0,0,0,0,0,0,0,0,0,0,0,0,0,0,0,0,0,0
FCZ7.Commercial.Office.OutdoorLighting,variable_per_mwh,moderate,0,0,0,0,0,0,0,0,0,0,0,0,0,0,0,0,0,0,0,0,0,0,0,0,0,0,0,0,0,0,0,0,0
FCZ7.Commercial.Office.Refrigeration,variable_per_mwh,moderate,0,0,0,0,0,0,0,0,0,0,0,0,0,0,0,0,0,0,0,0,0,0,0,0,0,0,0,0,0,0,0,0,0
FCZ7.Commercial.Office.Ventilation,variable_per_mwh,moderate,0,0,0,0,0,0,0,0,0,0,0,0,0,0,0,0,0,0,0,0,0,0,0,0,0,0,0,0,0,0,0,0,0
FCZ7.Commercial.Office.WaterHeating,variable_per_mwh,moderate,0,0,0,0,0,0,0,0,0,0,0,0,0,0,0,0,0,0,0,0,0,0,0,0,0,0,0,0,0,0,0,0,0
FCZ7.Residential.SINGLEFAMILY.CoolingEff,variable_per_mwh,moderate,0,0,0,0,0,0,0,0,0,0,0,0,0,0,0,0,0,0,0,0,0,0,0,0,0,0,0,0,0,0,0,0,0
FCZ7.Residential.SINGLEFAMILY.Dryer,variable_per_mwh,moderate,0,0,0,0,0,0,0,0,0,0,0,0,0,0,0,0,0,0,0,0,0,0,0,0,0,0,0,0,0,0,0,0,0
FCZ7.Residential.SINGLEFAMILY.Heating,variable_per_mwh,moderate,0,0,0,0,0,0,0,0,0,0,0,0,0,0,0,0,0,0,0,0,0,0,0,0,0,0,0,0,0,0,0,0,0
FCZ7.Residential.SINGLEFAMILY.Refrigerator,variable_per_mwh,moderate,0,0,0,0,0,0,0,0,0,0,0,0,0,0,0,0,0,0,0,0,0,0,0,0,0,0,0,0,0,0,0,0,0
FCZ7.Residential.SINGLEFAMILY.ResLightingEff,variable_per_mwh,moderate,0,0,0,0,0,0,0,0,0,0,0,0,0,0,0,0,0,0,0,0,0,0,0,0,0,0,0,0,0,0,0,0,0
FCZ7.Residential.SINGLEFAMILY.Washer,variable_per_mwh,moderate,0,0,0,0,0,0,0,0,0,0,0,0,0,0,0,0,0,0,0,0,0,0,0,0,0,0,0,0,0,0,0,0,0
FCZ7.Residential.SINGLEFAMILY.WaterHeating,variable_per_mwh,moderate,0,0,0,0,0,0,0,0,0,0,0,0,0,0,0,0,0,0,0,0,0,0,0,0,0,0,0,0,0,0,0,0,0
FCZ7.Commercial.Office.Cooking,weighted_avg_eul,moderate,12,12,12,12,12,12,12,12,12,12,12,12,12,12,12,12,12,12,12,12,12,12,12,12,12,12,12,12,12,12,12,12,12
FCZ7.Commercial.Office.Cooling,weighted_avg_eul,moderate,10.4,10.4,10.4,10.4,10.4,10.1,10.1,10.1,10.1,9.9,9.7,9.6,9.6,9.5,9.5,9.5,9.6,9.7,9.8,9.9,10.2,10.4,10.7,11.2,11.2,11.2,11.2,11.2,11.2,11.2,11.2,11.2,11.2
FCZ7.Commercial.Office.DaylightingEff,weighted_avg_eul,moderate,13.4,13.4,13.4,13.4,13.4,13.3,13.3,13.3,13.3,13.3,13.3,11.8,10.7,10.8,10.4,11.3,12,12.5,12.6,12.7,12.7,12.7,12.8,12.8,12.8,12.8,12.8,12.8,12.8,12.8,12.8,12.8,12.8
FCZ7.Commercial.Office.EconomizerEff,weighted_avg_eul,moderate,10.4,10.4,10.4,10.4,10.4,10.1,10.1,10.1,10.1,9.9,9.7,9.6,9.6,9.5,9.5,9.5,9.6,9.7,9.8,9.9,10.2,10.4,10.7,11.2,11.2,11.2,11.2,11.2,11.2,11.2,11.2,11.2,11.2
FCZ7.Commercial.Office.Heating,weighted_avg_eul,moderate,15,15,15,15,15,15,15,15,15,15,15,15,15,15,15,15,15,15,15,15,15,15,15,15,15,15,15,15,15,15,15,15,15
FCZ7.Commercial.Office.IndoorLightingEff,weighted_avg_eul,moderate,13.4,13.4,13.4,13.4,13.4,13.3,13.3,13.3,13.3,13.3,13.3,11.8,10.7,10.8,10.4,11.3,12,12.5,12.6,12.7,12.7,12.7,12.8,12.8,12.8,12.8,12.8,12.8,12.8,12.8,12.8,12.8,12.8
FCZ7.Commercial.Office.OfficeEquipment,weighted_avg_eul,moderate,8,8,8,8,8,8,8,8,8.1,8.1,8.1,8.6,10,10,10,10,10,10,10,10,10,10,10,10,10,10,10,10,10,10,10,10,10
FCZ7.Commercial.Office.OutdoorLighting,weighted_avg_eul,moderate,11.9,11.9,11.9,11.9,11.9,11.9,11.9,11.9,11.9,11.9,11.9,11.9,12,12,12,12,12,12,12,12,12,12,12,12,12,12,12,12,12,12,12,12,12
FCZ7.Commercial.Office.Refrigeration,weighted_avg_eul,moderate,5.5,5.5,5.5,5.5,5.5,5.6,5.8,6.1,6.4,6.8,7.5,12,12,12,12,12,12,12,12,12,12,12,12,12,12,12,12,12,12,12,12,12,12
FCZ7.Commercial.Office.Ventilation,weighted_avg_eul,moderate,15,15,15,15,15,15,15,15,15,15,15,15,15,15,15,15,15,15,15,15,15,15,15,15,15,15,15,15,15,15,15,15,15
FCZ7.Commercial.Office.WaterHeating,weighted_avg_eul,moderate,15,15,15,15,15,15,15,15,15,15,15,15,15,15,15,15,15,15,15,15,15,15,15,15,15,15,15,15,15,15,15,15,15
FCZ7.Residential.SINGLEFAMILY.CoolingEff,weighted_avg_eul,moderate,7.8,7.8,7.8,7.8,7.8,8,8.1,8.3,8.6,9.1,9.4,9.8,10.2,10.7,10.9,11.4,11.7,11.9,12.3,12.3,12.9,13,13.1,12.9,12.9,12.9,12.9,12.9,12.9,12.9,12.9,12.9,12.9
FCZ7.Residential.SINGLEFAMILY.Dryer,weighted_avg_eul,moderate,9.7,9.7,9.7,9.7,9.7,9.7,9.7,9.7,9.8,9.9,9.9,10,10.1,10.1,10.1,10,10.1,10.1,10.2,10.2,10.2,10.3,10.3,10.3,10.3,10.3,10.3,10.3,10.3,10.3,10.3,10.3,10.3
FCZ7.Residential.SINGLEFAMILY.Heating,weighted_avg_eul,moderate,7.2,7.2,7.2,7.2,7.2,7.2,7.1,6.9,6.6,6.4,6.2,6,5.9,5.9,5.7,6.3,6.4,6.5,6.7,7.8,8.1,8.5,9.3,10.6,10.6,10.6,10.6,10.6,10.6,10.6,10.6,10.6,10.6
FCZ7.Residential.SINGLEFAMILY.Refrigerator,weighted_avg_eul,moderate,9.7,9.7,9.7,9.7,9.7,9.7,9.7,9.7,9.8,9.9,9.9,10,10.1,10.1,10.1,10,10.1,10.1,10.2,10.2,10.2,10.3,10.3,10.3,10.3,10.3,10.3,10.3,10.3,10.3,10.3,10.3,10.3
FCZ7.Residential.SINGLEFAMILY.ResLightingEff,weighted_avg_eul,moderate,18.4,18.4,18.4,18.4,18.4,18.5,19,24.2,24.1,22.9,22.7,21.3,19.6,22.4,21.1,21.4,20.7,20.6,20.6,16.9,16.7,16.7,16.6,16.7,16.7,16.7,16.7,16.7,16.7,16.7,16.7,16.7,16.7
FCZ7.Residential.SINGLEFAMILY.Washer,weighted_avg_eul,moderate,9.7,9.7,9.7,9.7,9.7,9.7,9.7,9.7,9.8,9.9,9.9,10,10.1,10.1,10.1,10,10.1,10.1,10.2,10.2,10.2,10.3,10.3,10.3,10.3,10.3,10.3,10.3,10.3,10.3,10.3,10.3,10.3
FCZ7.Residential.SINGLEFAMILY.WaterHeating,weighted_avg_eul,moderate,15.3,15.3,15.3,15.3,15.3,15.3,15.4,15.5,15.6,15.3,15.3,15.3,15.3,15.3,14.2,14.3,19,19.6,20.2,20.2,20.8,21.4,22,22.6,22.6,22.6,22.6,22.6,22.6,22.6,22.6,22.6,22.6